-- phpMyAdmin SQL Dump
-- version 4.9.3
-- https://www.phpmyadmin.net/
--
-- Hôte : localhost:8889
-- Généré le :  ven. 25 sep. 2020 à 19:27
-- Version du serveur :  5.7.26
-- Version de PHP :  7.4.2

SET SQL_MODE = "NO_AUTO_VALUE_ON_ZERO";
SET time_zone = "+00:00";

--
-- Base de données :  `wordy`
--
CREATE DATABASE IF NOT EXISTS `wordy` DEFAULT CHARACTER SET utf8 COLLATE utf8_general_ci;
USE `wordy`;

-- --------------------------------------------------------

--
-- Structure de la table `antonyms`
--

CREATE TABLE `antonyms` (
  `id` int(11) UNSIGNED NOT NULL,
  `word_id` int(11) NOT NULL,
  `definition_id` int(11) NOT NULL,
  `name` varchar(50) NOT NULL DEFAULT ''
) ENGINE=InnoDB DEFAULT CHARSET=utf8;

--
-- Déchargement des données de la table `antonyms`
--

INSERT INTO `antonyms` (`id`, `word_id`, `definition_id`, `name`) VALUES
(1, 4, 4, 'égoïsme'),
(2, 4, 4, 'égocentrisme'),
(3, 123, 163, 'dénigrement'),
(4, 123, 163, 'diatribe'),
(5, 123, 163, 'diffamation'),
(6, 145, 195, 'authentique'),
(7, 145, 195, 'droit'),
(8, 145, 195, 'franc'),
(9, 145, 195, 'honnête'),
(10, 145, 195, 'loyal'),
(11, 145, 195, 'sincère'),
(12, 145, 195, 'spontanné'),
(13, 145, 195, 'vrai'),
(14, 145, 196, 'authentique'),
(15, 145, 196, 'droit'),
(16, 145, 196, 'franc'),
(17, 145, 195, 'honnête'),
(18, 145, 196, 'loyal'),
(19, 145, 196, 'sincère'),
(20, 145, 196, 'spontanné'),
(21, 145, 196, 'vrai'),
(23, 146, 197, 'apprivoisé'),
(24, 146, 197, 'domestiqué'),
(25, 146, 198, 'sociable'),
(26, 163, 227, 'dégriser'),
(27, 175, 240, 'homogène'),
(28, 175, 240, 'assorti'),
(29, 183, 249, 'orgueil'),
(30, 203, 275, 'aisé'),
(31, 203, 275, 'cossu'),
(32, 203, 275, 'fortuné'),
(33, 203, 275, 'huppé'),
(34, 203, 275, 'opulent'),
(35, 203, 275, 'riche'),
(36, 208, 280, 'équitable'),
(37, 231, 315, 'aveugle'),
(38, 231, 315, 'crédule'),
(39, 231, 315, 'naïf'),
(40, 235, 321, 'rancunier'),
(41, 246, 337, 'philanthrope'),
(42, 283, 389, 'dangereux'),
(43, 283, 389, 'fatal'),
(44, 283, 389, 'funeste'),
(45, 283, 389, 'mauvais'),
(46, 283, 389, 'nocif'),
(47, 283, 389, 'pernicieux'),
(48, 283, 390, 'déplorable'),
(49, 283, 390, 'fâcheux'),
(50, 283, 390, 'malencontreux'),
(51, 283, 390, 'regrettable'),
(52, 284, 391, 'bénéfique'),
(53, 284, 391, 'bienfaisant'),
(54, 284, 391, 'moral'),
(55, 284, 391, 'noble'),
(56, 284, 391, 'salutaire'),
(57, 297, 413, 'froid'),
(58, 297, 413, 'impassible'),
(59, 310, 431, 'misanthrope'),
(60, 391, 555, 'vertu'),
(61, 484, 719, 'modeste'),
(62, 485, 720, 'barbu'),
(63, 485, 720, 'poilu'),
(64, 514, 767, 'défendre'),
(65, 514, 767, 'disculper'),
(66, 514, 767, 'glorifier'),
(67, 514, 767, 'laver'),
(68, 514, 767, 'blanchir'),
(69, 514, 767, 'louer'),
(70, 622, 982, 'valoriser'),
(71, 636, 1004, 'défaut'),
(72, 648, 1026, 'absurde'),
(73, 648, 1026, 'confus'),
(74, 648, 1026, 'incohérent'),
(75, 648, 1026, 'fantaisiste'),
(76, 677, 1076, 'instinct'),
(77, 677, 1076, 'intuition'),
(78, 687, 1094, 'manifeste'),
(79, 687, 1094, 'apparent'),
(80, 687, 1094, 'flagrant'),
(81, 687, 1094, 'notoire'),
(82, 687, 1094, 'ostensible'),
(83, 687, 1094, 'patent'),
(84, 767, 1214, 'fâcheux'),
(85, 767, 1214, 'malvenu');

-- --------------------------------------------------------

--
-- Structure de la table `definitions`
--

CREATE TABLE `definitions` (
  `id` int(11) UNSIGNED NOT NULL,
  `word_id` int(11) NOT NULL,
  `definition` text NOT NULL
) ENGINE=InnoDB DEFAULT CHARSET=utf8;

--
-- Déchargement des données de la table `definitions`
--

INSERT INTO `definitions` (`id`, `word_id`, `definition`) VALUES
(1, 1, 'En contradiction avec la raison, le bon sens ou une règle établie.'),
(2, 2, 'Éprouver de l\'aversion pour quelque chose ou quelqu\'un.'),
(3, 3, 'Gouffre très profond.'),
(4, 4, 'Sacrifice de son intérêt personnel, renoncement, au bénéfice des autres.'),
(5, 5, 'Permettre à un coupable d’échapper à toute mesure répressive.'),
(6, 5, 'Pardonner la faute de quelqu’un, l’en excuser.'),
(7, 6, 'Opération intellectuelle qui consiste à isoler par la pensée l\'un des caractères de quelque chose et à le considérer indépendamment des autres caractères de l\'objet.'),
(8, 6, 'Idée n’ayant pas de rapport avec la réalité.'),
(9, 6, 'Idée difficilement compréhensible.'),
(10, 7, 'D’un caractère désagréable, difficile.'),
(11, 8, 'Qui cherche à blesser, qui critique avec méchanceté.'),
(12, 9, 'Réprimander sévèrement en avertissant de ne pas recommencer.'),
(13, 10, 'Prendre légalement pour fils ou pour fille.'),
(14, 10, 'Admettre quelqu\'un dans son milieu, le considérer comme un des siens.'),
(15, 10, 'Choisir et faire sienne une idée, une manière de voir.'),
(16, 10, 'Approuver par l’intermédiaire d’un vote.'),
(17, 11, 'Qui accueille et écoute de bonne grâce ceux qui s’adresse à lui (elle).'),
(18, 12, 'Surpris au point de paraître stupide.'),
(19, 13, 'Que les déceptions ont rendu irritable, agressif.'),
(20, 14, 'Partie des mathématiques qui a pour objet l’étude des grandeurs en substituant des lettres aux valeurs numériques.'),
(21, 15, 'Transmission volontaire ou légale à autrui de la propriété d\'un bien ou d\'un droit.'),
(22, 15, 'Situation de quelqu\'un qui est dépossédé de ce qui constitue son être essentiel, sa raison d\'être, de vivre.'),
(23, 15, 'Folie, trouble mental important.'),
(24, 16, 'Joie très vive qui se manifeste publiquement.'),
(25, 17, 'Arrêter, appréhender quelqu’un.'),
(26, 18, 'Dévouement, se consacrer à autrui de façon désintéressée, sans rien attendre en retour.'),
(27, 19, 'Amener à ses fins ou apaiser (quelqu’un qui était hostile ou réservé) par de petites flatteries, des attentions adroites.'),
(28, 20, 'Alliage de mercure avec un autre métal.'),
(29, 20, 'Mélange d\'éléments hétérogènes.'),
(30, 21, 'Vif désir de réussir quelque chose.'),
(31, 22, 'Sentiment durable de tristesse mêlée de rancœur, lié à une humiliation, une déception, une injustice du sort.'),
(32, 22, 'Saveur amer.'),
(33, 23, 'Anéantissement, destruction totale.'),
(34, 24, 'État d\'opposition de deux forces, de deux principes.'),
(35, 25, 'Privilège, exclusivité.'),
(36, 26, 'Régime de ségrégation systématique qui existait, en Afrique du Sud, entre Blancs et Noirs (aboli en 1991).'),
(37, 27, 'Confiance en soi.'),
(38, 28, 'Rendre un animal moins sauvage, moins craintif vis-à-vis de l\'homme, le domestiquer.'),
(39, 28, 'Rendre quelqu\'un plus sociable.'),
(40, 29, 'Qui produit une sensation désagréable à l\'oreille, au goût.'),
(41, 29, 'Qui présente un caractère de violence, de dureté.'),
(42, 30, 'Qui dépend de la volonté, du bon plaisir de quelqu\'un et intervient en violation de la loi ou de la justice.'),
(43, 30, 'Qui résulte d\'un libre choix et ne répond à aucune nécessité logique.'),
(44, 31, 'Hisser, dresser, déployer.'),
(45, 31, 'Porter avec fierté et ostentation.'),
(46, 32, 'Insolence méprisante ou agressive.'),
(47, 33, 'Proposition que l\'on avance et que l\'on soutient comme vraie.'),
(48, 34, 'Tendance à oser les actions difficiles.'),
(49, 35, 'Dépouillé, dénué d’agréments.'),
(50, 35, 'Sévère, aux principes rigides.'),
(51, 36, 'Cérémonie où des hérétiques étaient condamnés au supplice du feu par l\'Inquisition.'),
(52, 37, 'Qui a un désir immodéré de quelque chose.'),
(53, 38, 'Abaissement de la valeur, dépréciation, voire humiliation (forte connotation morale).'),
(54, 39, 'Articuler avec difficultés.'),
(55, 39, 'Débuter avec hésitations et difficultés.'),
(56, 40, 'Altération du jugement.'),
(57, 40, 'Moyen détourné pour résoudre un problème, atteindre un but.'),
(58, 40, 'Ligne oblique.'),
(59, 41, 'Capacité à se montrer indulgent, gentil et attentionné envers autrui d’une manière désintéressée et compréhensive.'),
(60, 42, 'Relatif à la vie des bergers ou à la poésie pastorale.'),
(61, 43, 'Caractère d\'une chose absurde et ridicule.'),
(62, 43, 'D\'un comique extravagant et déroutant.'),
(63, 44, 'Avoir envers quelqu’un des paroles, des gestes tendres.'),
(64, 45, 'Qualité d’une personne pure et innocente, sans défiance.'),
(65, 46, 'Qui monte à la tête, qui produit une certaine ivresse.'),
(66, 47, 'Envie subite et passagère, fondée sur la fantaisie et l\'humeur.'),
(67, 48, 'Se dit d’un événement conduisant l’individu à se libérer de ses pulsions et de ses passions pour remédier à un traumatisme vécu et resté latent.'),
(68, 48, 'Se dit d’un remède visant purger le corps du malade et à le nettoyer de ses toxines.'),
(69, 49, 'Qui attaque, corrode les tissus animaux et végétaux.'),
(70, 49, 'Acerbe, mordant dans la critique, la satire.'),
(71, 50, 'Personne ayant l\'air malveillant, fourbe, comme une fouine.'),
(72, 51, 'Enchantement, action magique.'),
(73, 51, 'Qualité de ce qui attire, plaît.'),
(74, 52, 'Lieu où sont entassés des cadavres.'),
(75, 53, 'Qui s’abstient volontairement des plaisirs sexuels.'),
(76, 53, 'Qui s\'abstient des amours jugés illicites.'),
(77, 53, 'Qui s\'abstient de blesser la pudeur ou qui manifeste de la pudeur.'),
(78, 54, 'Qui est attentif et prudent dans ses actes.'),
(79, 55, 'Fait de chercher à élargir son influence en attribuant des privilèges.'),
(80, 56, 'Qui est d\'une étrangeté comique, qui étonne et fait rire.'),
(81, 57, 'Qui peut être réprimé.'),
(82, 58, 'Action, fait de contraindre.'),
(83, 59, 'Ensemble des processus mentaux qui se rapportent à la fonction de connaissance et mettent en jeu la mémoire, le langage, le raisonnement, l\'apprentissage, l\'intelligence, la résolution de problèmes, la prise de décision, la perception ou l\'attention.'),
(84, 60, 'Dont les parties, les idées, sont organisées de façon logique.'),
(85, 61, 'Sentiment de sympathie envers les maux d\'une autre personne.'),
(86, 62, 'Contentement de soi, auto-satisfaction.'),
(87, 62, 'Disposition à s\'accommoder aux goûts, aux sentiments d\'autrui pour lui plaire.'),
(88, 62, 'Indulgence vis-vis d’autrui.'),
(89, 63, 'Qui est porté à maintenir la bonne entente avec les autres, par des concessions.'),
(90, 64, 'État d\'un lieu de passage, d\'un réseau qui est fortement encombré.'),
(91, 65, 'Fait de convenir, d’être adapté.'),
(92, 66, 'Opinion fondée sur des probabilités, des apparences.'),
(93, 67, 'Action de joindre.'),
(94, 68, 'Signification affective ou intellectuelle accordée à un mot ou une expression, en plus de son sens premier.'),
(95, 69, 'Qui est issu, qui repose sur un consensus entre des personnes.'),
(96, 70, 'S’entendre secrètement pour renverser le pouvoir ou contre quelqu’un ou quelque chose.'),
(97, 71, 'Patience, persévérance de quelqu\'un.'),
(98, 71, 'Caractère stable d\'une opinion, d\'un sentiment.'),
(99, 71, 'Caractère de quelque chose qui reste identique, qui ne varie pas.'),
(100, 72, 'Quantité que peut contenir quelque chose.'),
(101, 72, 'Manière qu\'a quelqu\'un de se tenir en telle ou telle circonstance.'),
(102, 73, 'Qui éprouve un grand regret pour ses fautes.'),
(103, 73, 'Qui est penaud.'),
(104, 74, 'Timidité, lâcheté, poltronnerie, peur, frousse.'),
(105, 75, 'Mettre en colère quelqu’un, l’énerver.'),
(106, 76, 'Qui est très poli, qui agit avec raffinement.'),
(107, 77, 'Qui regroupe des personnes ou des éléments originaires de différents pays.'),
(108, 78, 'Propension à croire trop facilement ce qu’on dit.'),
(109, 79, 'Renverser violemment quelqu\'un, quelque chose, le faire tomber brusquement.'),
(110, 80, 'Intéressé, avide d’argent, vénal, qui ne pense qu’à des préoccupations financières.'),
(111, 81, 'Mépris effronté des convenances et de l\'opinion qui pousse à exprimer sans ménagements des principes contraires à la morale, à la norme sociale.'),
(112, 82, 'Technique d\'utilisation de la machine à écrire.'),
(113, 83, 'Recherche à l’excès des plaisirs sensuels.'),
(114, 83, 'Abondance, excès, profusion, abus.'),
(115, 84, 'Moment où l’on arrive de manière imprévue.'),
(116, 85, 'Déclin, affaiblissement, perte de prestige.'),
(117, 86, 'Respect de ce qui touche les bonnes mœurs, les convenances.'),
(118, 87, 'Désorienter, troubler, plonger dans l\'incertitude.'),
(119, 88, 'Fait de mépriser une personne ou un groupe de personnes par ses propos, son attitude.'),
(120, 89, 'Considération respectueuse qu\'on témoigne à quelqu\'un, marque de respect.'),
(121, 90, 'Qui abaisse moralement, avilissant.'),
(122, 91, 'Charger quelqu’un d\'une fonction, d\'une mission, en transmettant son pouvoir.'),
(123, 92, 'Propriété qu\'ont certains corps de se liquéfier en absorbant l\'humidité de l\'air.'),
(124, 92, 'Décadence complète ; perte de la force, de la cohésion.'),
(125, 93, 'Décomposer, fragmenter, désagréger.'),
(126, 94, 'Politique par laquelle on flatte les masses pour gagner et exploiter leur adhésion, développer sa popularité.'),
(127, 95, 'Contredire quelqu’un en prétendant qu’il n’a pas dit la vérité.'),
(128, 95, 'Prétendre quelque chose contraire à la vérité.'),
(129, 96, 'Comportement dénaturé, manière de se conduire immorale, en particulier sur le plan sexuel'),
(130, 97, 'Trouble moral profond impliquant l\'indécision, l\'anxiété.'),
(131, 98, 'Se dit d\'une attitude dégagée, leste, sans embarras.'),
(132, 98, 'Qui manifeste une liberté excessive, sans gêne.'),
(133, 99, 'Sorti des habitudes, du goût moderne, qui n’est plus en usage.'),
(134, 100, 'Qui est sincèrement attaché à une religion et à ses pratiques.'),
(135, 100, 'Qui a le caractère de la dévotion.'),
(136, 101, 'Détourner du droit chemin, dévergonder.'),
(137, 102, 'Art de conduire un raisonnement rigoureux sous la forme : thèse, antithèse et synthèse.'),
(138, 103, 'Qui laisse passer la lumière sans être totalement transparent.'),
(139, 103, 'Très pâle (en parlant du teint d\'une personne).'),
(140, 104, 'Dispersion d\'une communauté à travers le monde.'),
(141, 105, 'Critique violente.'),
(142, 106, 'Dont le but est d\'instruire, d\'informer, d\'enseigner.'),
(143, 107, 'Indication de jeu, dans une œuvre théâtrale, un scénario.'),
(144, 108, 'Chercher à porter atteinte à la réputation, à l\'honneur de quelqu’un.'),
(145, 109, 'Distinction, aptitude à discerner les choses.'),
(146, 110, 'Qui exige une grande dépense.'),
(147, 111, 'Apporter un changement complet à un produit ou un marché sur le plan économique ou technique, de manière à ce que ses standards d’utilisation soient redéfinis.'),
(148, 112, 'Décomposer, désagréger un corps.'),
(149, 113, 'Ensemble de principes ou d’opinions liés à un penseur, à un mouvement littéraire, politique, religieux, etc.'),
(150, 114, 'Principe incontestable d’une doctrine.'),
(151, 114, 'Opinion indiscutable, vérité absolue.'),
(152, 115, 'Société imaginaire régie par un pouvoir totalitaire ou une idéologie néfaste.'),
(153, 116, 'Passer quelque chose à l\'eau très chaude ou l\'y tremper.'),
(154, 116, 'Causer à quelqu\'un une déception, un dommage ou une déconvenue qui, en général, lui sert de leçon.'),
(155, 117, 'Qui n\'a pas de goût exclusif, ne se limite pas à une catégorie d\'objets.'),
(156, 117, 'Qui emprunte des éléments à plusieurs systèmes.'),
(157, 118, 'Qui éprouve un effroi mêlé de surprise.'),
(158, 119, 'Grande frayeur (souvent mêlée d\'horreur).'),
(159, 120, 'Qui a de la grâce et de la simplicité.'),
(160, 120, 'Qui a de l\'élégance, du chic.'),
(161, 121, 'Omission dans une suite logique, une narration.'),
(162, 122, 'Discours prononcé à la faveur de quelqu\'un, de quelque chose.'),
(163, 123, 'Discours visant à prendre la défense de quelqu\'un ou de quelque chose, à le justifier.'),
(164, 124, 'Art, talent de bien parler, de persuader et de convaincre par la parole.'),
(165, 124, 'Caractère de ce qui, sans paroles, est expressif, significatif, probant.'),
(166, 125, 'Elaboration, construction d\'une réflexion, un raisonnement, de manière compliquée, confuse et souvent insensée, absurde ; réflexion laborieuse.'),
(167, 126, 'Éviter avec adresse, par un artifice, un faux-fuyant.'),
(168, 127, 'Qui recherche les plaisirs que la vie peut lui apporter.'),
(169, 128, 'Qui est susceptible de s’expliquer, de s’interpréter de plusieurs façon.'),
(170, 128, 'Situation qui n’est pas claire et laisse de l’incertitude.'),
(171, 129, 'Capacité à ressentir les émotions de quelqu\'un d\'autre, arriver à se mettre à la place d\'autrui (sans pour autant tomber dans l’affect).'),
(172, 130, 'Qui exprime ses sentiments et ses idées dans un style très appuyé et exagéré, voire prétentieux.'),
(173, 131, 'Qui concerne une correspondance entretenue par l’écriture de lettres manuscrites.'),
(174, 132, 'Instable, sans cohérence, qui n’est pas fixé, qui bouge, qui varie.'),
(175, 133, 'Savoir approfondi.'),
(176, 134, 'Faire disparaitre habilement.'),
(177, 134, 'S’emparer de quelque chose sans être vu.'),
(179, 135, 'Compréhensible seulement pour les initiés.'),
(180, 136, 'Sensation très intense de bien-être, d’allégresse.'),
(181, 136, 'Sentiment de grande joie, de satisfaction, de contentement, d’optimisme.'),
(182, 137, 'Rendre plus fort, plus actif.'),
(183, 137, 'Glorifier, magnifier.'),
(184, 137, 'Enflammer l’esprit.'),
(185, 137, 'Inspirer à quelqu\'un de l\'enthousiasme, l\'enflammer, le transporter.'),
(186, 137, 'Faire de grands éloges de quelqu\'un, d\'une action, d\'une qualité, célébrer les mérites de quelqu\'un.'),
(187, 138, 'Qui provient de pays lointain, notamment tropicaux.'),
(188, 139, 'Moyen, mesure pour se tirer d\'une difficulté, contourner un obstacle sans résoudre les problèmes.'),
(189, 140, 'Réparer un crime, une faute commise par une peine.'),
(190, 141, 'Exaltation provoquée par une joie ou une admiration extrême.'),
(191, 142, 'Qui est en extase.'),
(192, 143, 'Plaisanterie burlesque.'),
(193, 143, 'Plaisanterie au style grossier exprimée par une exagération des gestes, des actes ou des paroles en vue de susciter le rire.'),
(194, 144, 'Enclin à faire des cachotteries, des plaisanteries, à taquiner les gens qui l’entourent.'),
(195, 145, 'Qui cherche à tromper, à nuire.'),
(196, 145, 'Volonté d’induire sciemment en erreur.'),
(197, 146, 'Se dit d\'un animal sauvage qui fuit à l\'approche de l\'homme.'),
(198, 146, 'Qui évite les contacts sociaux et dont l\'abord est difficile.'),
(199, 147, 'Être pour quelqu\'un un objet privilégié de pensée, de désir.'),
(200, 147, 'Exercer sur quelqu\'un une attraction puissante.'),
(201, 147, 'Attirer par le regard.'),
(202, 148, 'Idéologie totalitaire, arbitraire ou dictatoriale.'),
(203, 149, 'Caractère de ce qui est inévitable.'),
(204, 149, 'Sorte de nécessité, de détermination qui échappe à la volonté.'),
(205, 149, 'Concours de circonstances fâcheuses, imprévues et inévitables ; adversité inexplicable.'),
(206, 149, 'Force surnaturelle par laquelle, selon certains, tout ce qui arrive est déterminé d\'avance.'),
(207, 150, 'Etat d’agitation ou de nervosité intense.'),
(208, 151, 'Chercher à plaire à quelqu\'un par des louanges excessives, intéressées.'),
(209, 152, 'Enthousiasme très vif.'),
(210, 152, 'Violent engouement pour quelque chose.'),
(211, 152, 'État d\'exaltation violente, d\'égarement, menant aux pires excès.'),
(212, 153, 'Qui est poussé jusqu\'à une exaltation extrême.'),
(213, 153, 'Qui se livre avec passion à une activité.'),
(214, 154, 'Qui est léger, sans constance ni sérieux.'),
(216, 155, 'Qui dure peu de temps.'),
(217, 155, 'Personne qui est en fuite.'),
(218, 156, 'Qui est dépourvu de sérieux, qui ne mérite pas qu\'on s\'y arrête.'),
(219, 156, 'Qui ne se préoccupe que de choses sans importance.'),
(220, 157, 'Action, projet peu croyable et ressemblant à un pari hasardeux.'),
(221, 158, 'Dont le contour est courbé et harmonieux.'),
(222, 159, 'Se moquer ouvertement de quelqu\'un ou de son attitude, le railler.'),
(223, 160, 'Crime contre l\'humanité tendant à la destruction totale ou partielle d\'un groupe national, ethnique, racial ou religieux.'),
(224, 161, 'Tendance à l’embourgeoisement d’un quartier populaire.'),
(225, 162, 'Tintement d\'une cloche d\'église pour annoncer une mort ou un enterrement.'),
(226, 163, 'Donner une teinte, une nuance grise.'),
(227, 163, 'Enivrer quelqu\'un légèrement.'),
(228, 163, 'Mettre quelqu\'un dans un état d\'exaltation, d\'excitation des sens.'),
(229, 164, 'Fait d\'attendre quelqu’un dans un endroit afin de l\'attaquer par surprise.'),
(230, 165, 'Qualifie une personne peu naturelle, raide.'),
(231, 166, 'Risible par son apparence bizarre, caricatural.'),
(232, 167, 'Qui a une expression égarée, perdu.'),
(233, 168, 'Caractère obsédant d’une pensée, d’un souvenir ; crainte, tourment constants.'),
(234, 169, 'Accablé de fatigue.'),
(235, 170, 'Résultat d’ensemble engendré par le bon équilibre de différentes parties.'),
(236, 171, 'Enchainement, ensemble dont le résultat est agréable.'),
(237, 172, 'Massacre d\'un grand nombre de personnes ou d\'animaux.'),
(238, 173, 'Doctrine dont l’élément fondamental est la recherche du bonheur.'),
(239, 174, 'Qui exprime une façon de penser dissidente, marginale, contraire à ce qui est communément admis.'),
(240, 175, 'Constitué de choses ou de personnes variées, de provenance ou de style différents sans lien entre eux. '),
(241, 176, 'Système d\'explication globale.'),
(242, 177, 'Massacre, grande destruction de personnes, de choses, inspirés par une idéologie.'),
(243, 178, 'Marque de respect, d’admiration, de reconnaissance de quelqu\'un.'),
(244, 179, 'Sentiment d’abaissement, d’humiliation qui résulte d’une atteinte à l’honneur, à la dignité.'),
(245, 180, 'Qui manifeste de l\'agressivité, se conduit en ennemi.'),
(246, 181, 'Comportement orgueilleux lié à la démesure et à la convoitise.'),
(247, 182, 'Qui s’abaisse volontiers, par modestie ou par déférence.'),
(248, 182, 'Qui est d’une condition sociale modeste.'),
(249, 183, 'Reconnaissance de ses limites et de ses capacités.'),
(250, 184, 'Qualifie une personne qui est contre les traditions et les habitudes du passé.'),
(251, 185, 'Données qui déterminent chaque personne et qui permettent de la différencier des autres.'),
(252, 185, 'Caractère de ce qui est identique.'),
(253, 186, 'Ensemble de croyances, des idées caractéristiques d’une personne, d’un groupe, d’une société.'),
(254, 187, 'Action déshonorante par son manque de moralité.'),
(255, 188, 'Interprétation fausse de ce que l’on perçoit.'),
(256, 188, 'Apparence dépourvue de réalité.'),
(257, 189, 'Situation confuse, embrouillée.'),
(258, 190, 'Imprégné, pénétré (de sentiments, d\'idées, de préjugés…).'),
(259, 191, 'Qui n’éprouve ou ne trahit aucune émotion, aucun sentiment.'),
(260, 192, 'Qui commande d’une façon qui n’admet ni résistance ni réplique.'),
(261, 192, 'Qui force à céder, auquel on ne peut résister.'),
(262, 193, 'Manque de pertinence d\'une remarque, d\'une assertion, d\'un raisonnement.'),
(263, 193, 'Attitude de quelqu\'un qui cherche à choquer par la liberté, le caractère déplacé, l\'insolence de ses manières, de ses paroles, de ses actes.'),
(264, 194, 'Dont l’impulsion est violente et rapide.'),
(265, 194, 'Qui a de la rapidité et de la violence dans son comportement.'),
(266, 195, 'Caractère de ce qui est vain, inutile, voué à l\'échec.'),
(267, 196, 'Qui n’est pas conforme aux exigences de la situation, aux règles du savoir vivre.'),
(268, 197, 'Manque de suite dans les idées, de réflexion dans la conduite.'),
(269, 198, 'Qui n\'agit pas conformément aux convenances, à la bienséance, aux bons usages'),
(270, 199, 'Manque de soin, d\'organisation.'),
(271, 200, 'Accuser quelqu\'un, le charger à tort ou à raison d\'une ou plusieurs fautes dont on prétend qu\'il est l\'auteur.'),
(272, 201, 'Contraire à la décence, à la convenance.'),
(273, 201, 'Choquant, scandaleux.'),
(274, 202, 'Qui excuse, pardonne facilement.'),
(275, 203, 'Qui manque des biens les plus essentiels à une vie normale.'),
(276, 204, 'Tout à fait absurde ou stupide.'),
(277, 205, 'Sincérité naïve.'),
(278, 206, 'Ordre, commandement impératif sous peine de sanction.'),
(279, 207, 'Blocage, arrêt ou ralentissement d’un processus physiologique, psychologique ou physique.'),
(280, 208, 'Qui manque gravement à l\'équité, très injuste.'),
(281, 209, 'Qui ne transige pas, n’admet aucune concession, aucun compromis.'),
(282, 210, 'Qui ne tremble pas devant le danger.'),
(283, 210, 'Déterminé, imperturbable.'),
(284, 211, 'Dont le but est de piéger.'),
(285, 211, 'Qui se répand de manière sournoise.'),
(286, 212, 'Laisser entendre, sans exprimer clairement.'),
(287, 213, 'Manque de respect injurieux, effronterie.'),
(288, 214, 'État d’une chose qui n’a pas été altéré.'),
(289, 214, 'Honnêteté.'),
(290, 215, 'Parole ou suite de paroles violentes.'),
(291, 216, 'Manière de se moquer en disant le contraire de ce que l’on veut exprimer.'),
(292, 217, 'Joie vive, expansive, exubérante.'),
(293, 218, 'Personne qui agit habituellement avec lenteur et mollesse.'),
(294, 219, 'Qui se manifeste par des élancements aigus.'),
(295, 219, 'Qui obsède, tourmente.'),
(296, 219, 'Dont le rythme est désagréablement répétitif.'),
(297, 220, 'Concis et bref.'),
(298, 220, 'Personne qui taille les pierres précieuses et les vend.'),
(299, 221, 'Domestique, valet.'),
(300, 221, 'Personne servile.'),
(301, 222, 'État de grande fatigue physique ou morale.'),
(302, 223, 'Phrase, idée qui revient régulièrement, qui est mise en avant.'),
(303, 223, 'Motif musical qui revient fréquemment.'),
(304, 224, 'Énumération longue et ennuyeuse.'),
(305, 224, 'Plaintes, doléances répétées sans cesse.'),
(306, 224, 'Prières liturgiques où toutes les invocations sont suivies d\'une formule brève récitée ou chantée.'),
(307, 225, 'D\'une pâleur terne.'),
(308, 226, 'Raisonnement qui fait sens, cohérent.'),
(309, 227, 'Témoignage verbal ou écrit d\'admiration ou de grande estime.'),
(310, 228, 'Donner ou prendre en location.'),
(311, 228, 'Réserver.'),
(312, 228, 'Vanter les mérites.'),
(313, 229, 'Faire des détours pour atteindre un objectif.'),
(314, 230, 'Qui a un penchant excessif pour les plaisirs charnels, la luxure.'),
(315, 231, 'Qui juge, voit clairement, objectivement les choses dans leur réalité.'),
(316, 231, 'Qui est conscient, qui a toute sa connaissance.'),
(317, 232, 'Qui se laisse modeler, travailler.'),
(318, 232, 'Qui se laisse manier.'),
(319, 233, 'Préparer des manoeuvres secrètes dans le but de tromper quelqu’un.'),
(320, 234, 'Disposition à pardonner généreusement.'),
(321, 235, 'Se dit d’une personne généreuse et bienveillante à l’égard des personnes qui sont sous son autorité.'),
(322, 236, 'Goût d’un esprit farceur et fin, adepte des petites cachotteries et plaisanteries.'),
(323, 237, 'Affaiblissement des forces morales ; découragement, dépression.'),
(324, 237, 'Ralentissement important ou arrêt de l\'activité économique ou commerciale.'),
(325, 237, 'État pathologique dû à un apport énergétique insuffisant.'),
(326, 238, 'Qui est d\'humeur chagrine, désagréable, aigrie.'),
(327, 238, 'Qui inspire de l’ennui.'),
(328, 239, 'Personne ou entreprise qui soutient financièrement une activité, notamment culturelle.'),
(329, 240, 'Tristesse, humeur maussade sans cause apparente qui envahit le comportement et les émotions d’une personne.'),
(330, 241, 'Fait de considérer comme indigne d\'attention.'),
(331, 241, 'Sentiment par lequel on considère quelqu’un comme indigne d\'estime, comme moralement condamnable.'),
(332, 242, 'Qui est attaché à ce qui est petit, médiocre; qui manque de générosité, de noblesse, de distinction, de bonté d’âme et de largeur d’esprit.'),
(333, 243, 'Légère élévation de terrain.'),
(334, 244, 'Qui est relatif à la maladie.'),
(335, 244, 'Qui a un caractère malsain, anormal.'),
(336, 245, 'Organisation paramilitaire constituant l\'élément de base de certains partis totalitaires ou de certaines dictatures.'),
(337, 246, 'Personne qui manifeste de l’aversion pour le genre humain.'),
(338, 246, 'Qui évite de fréquenter ses semblables.'),
(339, 247, 'Qui a des moyens financiers, riche.'),
(340, 248, 'Amour excessif porté à l\'image de soi.'),
(341, 249, 'Obscurci par les nuages ou le brouillard.'),
(342, 249, 'Constitué de nuages, de vapeurs ou qui en a l’aspect.'),
(343, 250, 'Mot nouveau ou détourné de sa langue d’origine.'),
(344, 251, 'Dont la simplicité, l’inexpérience, va jusqu’à la bêtise.'),
(345, 252, 'Mettre à niveau, rendre horizontal, plan, uni.'),
(346, 253, 'Lenteur, mollesse, manque d’enthousiasme, de vivacité.'),
(347, 254, 'Regret mélancolique (d’une chose révolue ou non connue).'),
(348, 255, 'Qui blesse ouvertement la pudeur.'),
(349, 256, 'Qui exagère les marques de politesse, par servilité ou hypocrisie.'),
(350, 257, 'Plaque de cuir empêchant le cheval de voir sur le côté.'),
(351, 257, 'Être borné, têtu.'),
(352, 258, 'Blesser quelqu\'un, le froisser, le heurter dans sa dignité, son honneur, ses opinions.'),
(353, 259, 'Relatif aux rêves.'),
(354, 260, 'Mot qui évoque par le son la chose dénommée.'),
(355, 261, 'Tenace dans ses idées, ses résolutions.'),
(356, 261, 'Qui ne cède pas, que rien n\'arrête.'),
(357, 262, 'Joug, domination, asservissement.'),
(358, 262, 'Malaise psychique, angoisse, sensation d’étouffement.'),
(359, 263, 'Qui humilie à l’extrême, publiquement.'),
(360, 264, 'Opinion trop avantageuse, estime exagérée de soi-même.'),
(361, 264, 'Sentiment de fierté, d’amour-propre.'),
(362, 265, 'Clôture faite d’une rangée serrée de perches ou de planches.'),
(363, 265, 'Mur de verdure.'),
(364, 266, 'Qui a une saveur ou une odeur forte, irritante.'),
(365, 267, 'Ensemble des éléments d\'un texte qui accompagne un mot (une expression, une phrase...), et qui apporte un éclairage sur le sens de celui-ci.'),
(366, 267, 'Ensemble des circonstances dans lesquelles se produit un événement, se situe une action'),
(367, 268, 'Qui est dépourvu d\'occupation, n\'exerce pas de profession.'),
(368, 268, 'Personne qui a beaucoup de loisir.'),
(369, 269, 'Individu grossier et brutal.'),
(370, 270, 'État de calme, de tranquillité, de confiance sur le plan moral.'),
(371, 222, 'Abattement mêlé d\'ennui, de découragement.'),
(372, 271, 'Qui témoigne d\'une grande sensibilité au froid.'),
(373, 271, 'Qui manifeste une réserve craintive à l\'égard de tout événement ou action qui l\'implique.'),
(374, 272, 'Malédiction proférée contre quelqu\'un ; parole ou souhait appelant le malheur sur quelqu\'un.'),
(375, 273, 'Transformer quelqu\'un ou quelque chose en pierre ou le recouvrir d\'une couche minérale.'),
(376, 273, 'Stupéfier quelqu\'un, le rendre immobile sous le coup d\'une émotion violente.'),
(377, 274, 'Se régaler, éprouver un vif plaisir.'),
(378, 275, 'Consiste à placer une personne défunte au rang des saints, afin qu\'elle devienne l\'objet d\'un culte officiel.'),
(379, 276, 'Table massive sur laquelle on dispose ou fixe la pièce à travailler.'),
(380, 277, 'Table sur laquelle on expose les denrées en vente sur les marchés.'),
(381, 278, 'Instrument servant à serrer l\'objet que l\'on veut travailler grâce à deux mâchoires.'),
(382, 279, 'Langage convenu et rigide destiné à dénaturer la réalité.'),
(383, 280, 'Qui est gâté par des vers.'),
(384, 280, 'Qui est malhonnête, suspect, louche'),
(385, 281, 'Accepter de faire ou de laisser mourir quelqu\'un pour atteindre un but.'),
(386, 281, 'Abandonner quelque chose, quelqu\'un, les délaisser au profit d\'une autre chose, d\'une autre personne.'),
(387, 281, 'Écouler une marchandise à bas prix, voire à perte, pour s\'en défaire.'),
(388, 282, 'Qui est difficile à comprendre.'),
(389, 283, 'Qui est propre à conserver ou à rétablir la santé physique.'),
(390, 283, 'Qui peut avoir un effet intellectuel ou moral bienfaisant sur quelqu\'un.'),
(391, 284, 'Qui est dangereux pour la santé, nocif.'),
(392, 284, 'Qui est moralement mauvais, nuisible.'),
(393, 284, 'Se dit d\'une maladie particulièrement grave.'),
(394, 285, 'Qui contient une faible proportion d\'eau.'),
(395, 285, 'Qui a l\'esprit absorbé par quelque chose, qui est très attentif.'),
(396, 286, 'Capacité d\'un individu à supporter psychiquement les épreuves de la vie, à rebondir, à prendre un nouveau départ après un traumatisme.'),
(397, 286, 'Capacité d\'un écosystème à se rétablir après une perturbation extérieure.'),
(398, 286, 'Capacité d\'un système à continuer à fonctionner, même en cas de panne.'),
(399, 287, 'Qui se manifeste de façon excessive.'),
(400, 288, 'Qui a trait à la maladie, qui est dû à une maladie.'),
(401, 288, 'Se dit d\'un comportement anormal, étrange qu\'on assimile à une maladie.'),
(402, 289, 'Personne qui manifeste des idées de grandeur, un orgueil excessif.'),
(403, 290, 'Ne pas reconnaître comme sien un acte ou une parole.'),
(404, 290, 'Déclarer que l\'on n\'a pas autorisé quelqu\'un à agir, dire ou faire quelque chose.'),
(405, 290, 'Désapprouver, condamner.'),
(406, 291, 'Qui témoigne d\'une grande richesse, luxueux.'),
(407, 292, 'Qui atténue les symptômes d\'une maladie sans agir sur sa cause.'),
(408, 292, 'Mesure qui n\'a qu\'un effet passager.'),
(409, 293, 'Rester sans réaction par un effet de surprise, par l’étonnement.'),
(410, 294, 'Représentation, vision du monde, modèle de pensées, point de vue.'),
(411, 295, 'Association d’idées ou de faits contraire à la logique ou au sens commun.'),
(412, 296, 'Épargne, économie extrême, minutieuse.'),
(413, 297, 'Qui suscite une profonde émotion, qui émeut, qui touche.'),
(414, 298, 'Qui semble appartenir à un criminel (visage, apparence).'),
(415, 299, 'Somme d’argent économisée peu à peu.'),
(416, 300, 'Qui déprécie la chose ou la personne désignée.'),
(417, 301, 'Caractéristique de quelqu’un qui éprouve un sentiment de honte ou de gêne après avoir fait, dit ou vu quelque chose qui le met désormais dans l’embarras.'),
(418, 302, 'Regret d’avoir offensé Dieu, avec la volonté de ne plus recommencer.'),
(419, 303, 'À quoi on ne peut rien répliquer, indiscutable.'),
(420, 303, 'Qui indique qu\'on ne peut rien objecter.'),
(421, 304, 'Se dit de quelque chose qui dure longtemps, ou depuis longtemps.'),
(422, 305, 'Qui manque à sa parole, trahit la personne qui lui faisait confiance.'),
(423, 305, 'Dangereux, nuisible sans qu’il y paraisse.'),
(424, 306, 'Qui hésite, ne sait que penser, que faire dans une situation embarrassante.'),
(425, 307, 'Technique de représentation des objets en 3 dimensions sur une surface plane.'),
(426, 307, 'Aspect de ce qui est vu de loin.'),
(427, 307, 'Point de vue, approche particulière sur une idée, un événement.'),
(428, 308, 'Être doté d\'un esprit pénétrant et réfléchi, qui comprend rapidement et avec clairvoyance.'),
(429, 309, 'Qui est enclin à faire le mal et qui le tente par des moyens détournés.'),
(430, 309, 'Dont les instincts sexuels se manifestent par un comportement anormal.'),
(431, 310, 'Personne qui aime l\'humanité.'),
(432, 310, 'Personne généreuse et désintéressée.'),
(433, 311, 'Qui est propre à exciter une pitié où se mêle de la raillerie, du mépris.'),
(434, 311, 'Qui est triste et honteux.'),
(435, 312, 'Sentiment de sympathie lié à la souffrance ressentie par autrui.'),
(436, 312, 'Indulgence, pardon ou parfois simple tolérance pour autrui, pour ses actes.'),
(437, 313, 'Qui attire l\'attention, charme ou amuse par un aspect original.'),
(438, 313, 'Qui dépeint bien, d\'une manière imagée.'),
(439, 314, 'Qui est doux et calme.'),
(440, 315, 'Défendre oralement une cause, une partie devant une juridiction ; soutenir un procès.'),
(441, 315, 'Présenter des arguments pour appuyer ou attaquer quelqu\'un, quelque chose.'),
(442, 316, 'Défense passionnée.'),
(443, 316, 'Discours ou écrit en faveur de quelqu\'un, d\'une idée, ou qui combat une doctrine, une institution.'),
(444, 317, 'Qui a un caractère purement idéal, sans rien de matériel ou de charnel.'),
(445, 318, 'État de ce qui est complet, dans toute sa force, son intensité.'),
(446, 319, 'Débat plus ou moins violent, vif et agressif.'),
(447, 320, 'Discours politique s\'adressant aux classes populaires, fondé sur la critique du système et de ses représentants.'),
(448, 320, 'École littéraire qui cherche, dans les romans, à dépeindre avec réalisme la vie des gens du peuple.'),
(449, 321, 'Relatif à une personne qui se surestime, qui se sent supérieur.'),
(450, 322, 'Honnêteté scrupuleuse.'),
(451, 323, 'Disposition à éprouver de la gêne ou de la honte devant l’évocation de choses très personnelles (en particulier sexuelles).'),
(452, 324, 'Qui n’est pas digne d’un adulte, qui manque de sérieux.'),
(453, 325, 'Personne qui respecte strictement les principes moraux.'),
(454, 326, 'Qui est adapté à l\'action concrète, qui concerne la pratique.'),
(455, 327, 'Prononcer un sermon.'),
(456, 328, 'Chacune des deux premières propositions d\'un syllogisme.'),
(457, 328, 'Argument dont découle un raisonnement.'),
(458, 329, 'Traiter sans respect (un objet, un lieu), en violant le caractère sacré.'),
(459, 329, 'Faire un usage indigne, mauvais, en violant le respect qui est dû.'),
(460, 330, 'Personne qui ne vit que de son salaire et dont le niveau de vie est en général bas.'),
(461, 331, 'Nouvel adepte d\'une doctrine ou d\'une religion.'),
(462, 331, 'Adepte cherchant à propager ses convictions.'),
(463, 332, 'Personne qui a récemment adhéré à une doctrine, un parti, une association.'),
(464, 333, 'Durée, mélodie et rythme des sons ; règles concernant ces caractères des sons.'),
(465, 334, 'Combativité, concerne une personne aimant polémiquer et se battre afin d\'atteindre ses objectifs.'),
(466, 335, 'Ce en quoi se résument l’essentiel et le plus pur de quelque chose.'),
(467, 336, 'Ramener à un état ou à un degré inférieur.'),
(468, 336, 'Estimer ou mettre très au-dessous de la valeur réelle.'),
(469, 337, 'Déconvenue teintée d’amertume et de ressentiment envers une personne, une situation ou un événement passé.'),
(470, 338, 'Souvenir tenace que l\'on garde d\'une offense, d\'un préjudice, avec de l\'hostilité et un désir de vengeance.'),
(471, 339, 'Réception mondaine où des personnes de haute stature sociale se réunissent lors d\'une soirée dans une atmosphère festive et décontractée.'),
(472, 340, 'Fait de racheter, de se racheter (au sens religieux ou moral).'),
(473, 341, 'Se dit d\'un défaut essentiel, capable d\'être un empêchement absolu.'),
(474, 341, 'Qui constitue un obstacle radical à une action.'),
(475, 342, 'Peine causée par une perte, l\'absence de quelqu\'un, de quelque chose.'),
(476, 342, 'Mécontentement ou chagrin (d\'avoir fait, de n\'avoir pas fait).'),
(477, 343, 'Souvenir vague ou incomplet difficile à localiser.'),
(478, 343, 'Emprunt fait inconsciemment à des souvenirs de lecture, de représentation.'),
(479, 343, 'Retour à la conscience claire de souvenirs non accompagnés de reconnaissance.'),
(480, 344, 'Vive douleur morale causée par la conscience d\'avoir mal agi.'),
(481, 345, 'Souvenir douloureux que l’on garde d’une blessure physique ou psychologique ; rancune, sentiment d’hostilité.'),
(482, 346, 'Ensemble de règles, de procédés constituant l\'art de bien parler, de l\'éloquence.'),
(483, 347, 'Dont on est porté à se moquer, qui attire la moquerie.'),
(484, 348, 'Manière d’agir propre à un groupe social ou à une personne, qui obéit à une règle, revêt un caractère invariable.'),
(485, 348, 'Ensemble de règles qui fondent la pratique d’un culte.'),
(486, 349, 'Action de railler avec méchanceté.'),
(487, 350, 'Action menée par une fraction de la population d\'un État en vue de se séparer, de façon pacifique ou violente, de la collectivité nationale pour former un État distinct ou se réunir à un autre.'),
(488, 351, 'Fait de séparer, de mettre volontairement de côté.'),
(489, 352, 'Discours religieux.'),
(490, 352, 'Discours long et ennuyeux, reproches.'),
(491, 353, 'Qui s’abaisse, qui est soumis.'),
(492, 353, 'Qui ne s’écarte pas d’un modèle, le suit aveuglément.'),
(493, 354, 'Qui est dépourvu d\'indulgence, qui n\'hésite pas à sanctionner.'),
(494, 354, 'Se dit d\'un règlement, d\'une loi, d\'un système, qui sont très rigoureux, très stricts.'),
(495, 354, 'Qui se caractérise par l\'absence de fantaisie et d\'ornements.'),
(496, 354, 'Se dit d\'une maladie, d\'une infirmité qui est grave, par opposition à bénin, léger.'),
(497, 354, 'Indique un haut niveau dans quelque chose de pénible, de grave.'),
(498, 355, 'Sans laquelle cela ne pourrait pas être.'),
(499, 356, 'Charge ou emploi où l\'on est rétribué sans avoir rien (ou presque rien) à faire ; situation de tout repos.'),
(500, 357, 'Lié par une responsabilité et des intérêts communs.'),
(501, 357, 'Se dit de chose dont la dépendance est réciproque.'),
(502, 358, 'Fait d’être solidaire, lien qui pousse des personnes à s’entraider.'),
(503, 359, 'Attention soutenu et affectueuse, prévenance.'),
(504, 360, 'Argument, raisonnement faux malgré une apparence de vérité.'),
(505, 361, 'Qui est fourbe, qui dissimule ses sentiments ou ses intentions dans un but malveillant.'),
(506, 362, 'Qualifie une personne qui fait preuve d\'énergie, d\'endurance.'),
(507, 362, 'Austère, sévère.'),
(508, 363, 'Qui apparaît, se produit çà et là et d\'une manière irrégulière.'),
(509, 364, 'Blâmer publiquement, dénoncer, condamner avec force.'),
(510, 364, 'Imprimer sur le corps de quelqu\'un une marque indélébile à titre de châtiment.'),
(511, 365, 'Se dit d\'un comportement qui dénote une fermeté inébranlable, une grande impassibilité.'),
(512, 366, 'Qui renverse ou menace l’ordre établi, les valeurs reçues.'),
(513, 367, 'Établissement qui dépend d\'un siège central, tout en jouissant d\'une certaine autonomie.'),
(514, 368, 'Évaluer une quantité, une valeur de façon approximative.'),
(515, 368, 'Essayer, d\'après certaines données, de prévoir l\'évolution d\'une situation, la probabilité d\'un événement.'),
(516, 369, 'Raisonnement déductif appliqué à trois propositions logiquement impliquées (ex. « si tout B est A et si tout C est B, alors tout C est A »).'),
(517, 370, 'Qui parle peu, reste habituellement silencieux.'),
(518, 370, 'Qui n’est pas d’humeur à faire la conversation.'),
(519, 371, 'Disposition à oser, à entreprendre sans réflexion ou sans prudence.'),
(520, 372, 'Qualité de ce qui adhère fortement, qui persiste longtemps.'),
(521, 372, 'Persistance d\'un état d\'esprit, d\'une opinion, dont on ne peut se défaire.'),
(522, 372, 'Caractère tenace de quelqu\'un.'),
(523, 373, 'Qui manque d\'audace et de décision.'),
(524, 373, 'Qui manque d\'aisance et d\'assurance dans ses rapports avec autrui.'),
(525, 374, 'Regarder avec dédain, mépris.'),
(526, 375, 'Système politique reposant sur la confiscation du pouvoir par l’État et l’imposition d’une idéologie.'),
(527, 376, 'Évènement funeste, drame, catastrophe.'),
(528, 376, 'Oeuvre dramatique souvent portée au théâtre où les actions présentent un caractère passionnel et se terminent généralement mal.'),
(529, 377, 'Être pénétré, comme transpercé par une sensation de froid.'),
(530, 377, 'Être paralysé par un sentiment violent.'),
(531, 378, 'Faire des concessions réciproques, de manière à régler, à terminer un différend.'),
(532, 378, 'Manquer de fermeté, de rigueur.'),
(533, 379, 'Relatif à une société souvent primitive partageant une même culture.'),
(534, 380, 'Broyer, réduire en petits éléments.'),
(535, 380, 'Tordre, manier en tordant.'),
(536, 381, 'Qui est d\'une crudité choquante, malséante ; grossier, vulgaire.'),
(537, 381, 'Qui est banal, commun, qui relève du simple bon sens, de la réalité la plus évidente.'),
(538, 382, 'Retrancher quelque chose, effectuer des suppressions.'),
(539, 383, 'Construction imaginaire et rigoureuse d\'une société, qui constitue, par rapport à celui qui la réalise, un idéal ou un contre-idéal.'),
(540, 384, 'Tituber, perdre l’équilibre.'),
(541, 384, 'Trembler, osciller.'),
(542, 384, 'Perdre de sa vigueur.'),
(543, 385, 'État de ce qui est vide.'),
(544, 385, 'Sans consistance, sans intérêt.'),
(545, 386, 'Sans espoir.'),
(546, 386, 'Inutile, sans effet.'),
(547, 387, 'Satisfaction de soi-même, sentiment d\'orgueil.'),
(548, 387, 'Défaut de quelqu\'un qui étale sa satisfaction de soi-même.'),
(549, 387, 'Caractère de ce qui est vain, futile, vide de sens.'),
(550, 388, 'Qui n’agit que pour l’argent, qui n’est intéressé que par le gain matériel et financier d’une action.'),
(551, 389, 'Marque, trace laissée par quelque chose qui a été détruit.'),
(552, 389, 'Ce qui reste du passé, d\'un sentiment, d\'une idée, etc.'),
(553, 390, 'Ancien combattant.'),
(554, 390, 'Personne pleine d\'expérience dans un domaine.'),
(555, 391, 'Ensemble des pratiques du mal, des dispositions au mal.'),
(556, 391, 'Penchant particulier pour quelque chose (jeu, boisson, drogue, pratiques sexuelles, etc.) que la religion, la morale, la société réprouvent.'),
(557, 391, 'Imperfection, défaut, qui rend quelque chose inutilisable.'),
(558, 392, 'Qui est inspiré par le vice, en particulier en matière sexuelle.'),
(559, 392, 'Se dit d\'un animal ombrageux, rétif.'),
(560, 392, 'Qui contient un défaut, un vice.'),
(561, 392, 'Qui cherche à tromper.'),
(562, 393, 'Succession d\'événements bons ou mauvais, et, en particulier, ensemble des événements malheureux qui affectent l\'existence humaine.'),
(563, 394, 'Porté à la vengeance.'),
(564, 395, 'Commettre un viol sur la personne de quelqu\'un.'),
(565, 395, 'Transgresser volontairement une loi ou une règle.'),
(566, 395, 'Ouvrir quelque chose ou pénétrer dans un lieu, de force.'),
(567, 396, 'Qui mange avec avidité.'),
(568, 397, 'Qui peut être blessé, frappé par un mal physique.'),
(569, 397, 'Qui peut être facilement atteint.'),
(570, 266, 'Qui a un caractère agressif ; acide, blessant.'),
(571, 398, 'Se dit d\'une saveur rude et désagréable ; aigre.'),
(572, 398, 'Se dit de quelqu\'un que la déception a rendu triste, plein de ressentiment.'),
(573, 398, 'Qui cause de la tristesse, qui exprime la déception.'),
(574, 398, 'Se dit d\'un propos blessant, dur, mordant.'),
(575, 399, 'Qui produit une sensation piquante au goût, à l\'odorat.'),
(576, 399, 'Se dit d\'un son criard, perçant.'),
(577, 399, 'Se dit d\'un vent ou d\'un froid vif, saisissant.'),
(578, 399, 'Se dit de paroles vives, agressives.'),
(579, 400, 'Extrémité pointue (d\'un arbre, d\'un rocher, d\'une montagne).'),
(580, 401, 'Pièce d\'entrée (d\'un édifice, d\'une maison, d\'un appartement).'),
(581, 402, 'Qui exprime un sentiment ou une attitude d\'indifférence proche du mépris.'),
(582, 403, 'Qui cause une sensation de chaleur, de brûlure.'),
(583, 403, 'Qui a un caractère fougueux, passionné, violent.'),
(584, 404, 'Qualifie une personne rendue stupide, privée d\'intelligence, de bon sens ou de lucidité par le fait d\'une intervention extérieure (alcool, travail, stress, etc.).'),
(585, 405, 'Qui est d\'une douceur délicieuse.'),
(586, 406, 'Plaisir sensuel, intense et raffiné ; vive jouissance, délectation.'),
(587, 406, 'Plaisir sexuel.'),
(588, 406, 'Caractère sensuel, lascif de quelque chose.'),
(589, 407, 'Qui incite à la sensualité.'),
(590, 408, 'Qui dénote la luxure ; voluptueux, sensuel.'),
(591, 409, 'Agréable pour les sens.'),
(592, 410, 'Comportement de quelqu\'un qui se livre sans retenue aux plaisirs sexuels.'),
(593, 411, 'Qui pousse avec abondance.'),
(594, 411, 'Qui déborde de richesse, de vigueur.'),
(595, 412, 'Abondance, rapidité et aisance de la parole.'),
(596, 413, 'Qui n\'est pas accessible à l\'émotion ; froid.'),
(597, 413, 'Qui n\'éprouve pas de plaisir sexuel.'),
(598, 414, 'Qui ennuie, gêne par sa présence ou sa conduite.'),
(599, 414, 'Gênant, qui dérange.'),
(600, 415, 'Qui ne fait rien, qui ne sait pas s\'occuper.'),
(601, 416, 'Qui a cessé d\'être en usage, qui évoque une époque révolue.'),
(602, 417, 'Faire durer toujours ou très longtemps.'),
(603, 418, 'Qui s\'exprime en peu de mots.'),
(604, 419, 'Structure ou phénomène d\'origine artificielle ou accidentelle qui altère une expérience ou un examen portant sur un phénomène naturel.'),
(605, 419, 'Altération du résultat d\'un examen due au procédé technique utilisé.'),
(606, 419, 'En anthropologie, produit ayant subi une transformation par l\'homme, et qui se distingue ainsi d\'un autre provoqué par un phénomène naturel.'),
(608, 420, 'Caractère de ce qui est fait avec justice et impartialité.'),
(609, 421, 'Endetter, faire peser une lourde charge financière sur quelqu\'un ou quelque chose.'),
(610, 421, 'Compromettre le développement de, nuire à quelqu\'un ou quelque chose.'),
(611, 422, 'Café populaire où l\'on consomme et où l\'on danse, souvent en plein air.'),
(612, 423, 'Aggravation (d\'une maladie) après une amélioration.'),
(613, 423, 'Brusque réapparition, sous une forme plus intense.'),
(614, 424, 'Personne qui a commis ou est capable de commettre un crime.'),
(615, 425, 'Bile des animaux de boucherie, de la volaille.'),
(616, 425, 'Amertume qui s\'accompagne de méchanceté.'),
(617, 426, 'Liquide visqueux et amer sécrété par le foie.'),
(618, 426, 'Se faire de la bile s\'inquiéter, se tourmenter.'),
(619, 427, 'Salir, altérer (ce qui aurait dû être respecté).'),
(620, 428, 'Qui manque d\'argent.'),
(621, 429, 'Qui est dans la gêne, qui vit difficilement de ce qu\'il gagne ; se dit de la vie ainsi menée.'),
(622, 429, 'Qui travaille scrupuleusement mais médiocrement.'),
(623, 430, 'Travail imposé à quelqu\'un ; tâche, ouvrage.'),
(624, 431, 'Respect profond, vénération, déférence.'),
(625, 431, 'Mouvement du corps qu\'on fait soit en s\'inclinant, soit en pliant les genoux.'),
(626, 432, 'Domination intellectuelle ou morale.'),
(627, 432, 'Mainmise de l\'Administration sur une propriété privée.'),
(628, 433, 'Sentiment de quelqu\'un qui est humilié, atteint dans sa fierté, sa dignité.'),
(629, 433, 'Sentiment de honte qui résulte de telle cause.'),
(630, 433, 'Acte, situation qui humilie, blesse l\'amour-propre.'),
(631, 434, 'Blesser quelqu\'un dans son amour-propre.'),
(632, 435, 'Contraire à la raison, au bon sens, à la logique.'),
(633, 436, 'Instrument pour battre les grains, formé d\'un manche et d\'un battoir en bois reliés l\'un à l\'autre par des courroies.'),
(634, 436, 'Pièce oblongue, pivotant autour d\'un axe horizontal, aux extrémités de laquelle sont suspendus les plateaux d\'une balance.'),
(635, 436, 'Grande calamité.'),
(636, 436, 'Personne ou chose qui est une catastrophe par son caractère nuisible, importun.'),
(637, 436, 'Bascule chargée d\'un contrepoids, qui sert à fermer une écluse.'),
(638, 436, 'Armature sur laquelle les vitriers portent leur verre à vitres.'),
(639, 437, 'Action de percevoir par les organes des sens.'),
(640, 437, 'Idée, compréhension plus ou moins nette de quelque chose.'),
(641, 437, 'Événement cognitif dans lequel un stimulus ou un objet, présent dans l\'environnement immédiat d\'un individu, lui est représenté dans son activité psychologique interne, en principe de façon consciente.'),
(642, 437, 'Recouvrement des impositions par le percepteur des impôts ; emploi, bureau du percepteur.'),
(643, 438, 'Qui est dû à la Providence.'),
(644, 438, 'Qui est dû au hasard, à la chance.'),
(645, 439, 'Volonté de Dieu, signe du destin, d\'une force supérieure à l’œuvre.'),
(646, 439, 'Chance, hasard.'),
(647, 440, 'Opération financière ou commerciale qui a pour objectif de réaliser un gain d\'argent en pariant sur la fluctuation des cours du marché.'),
(648, 440, 'Théorie, réflexion, recherche purement théorique et abstraite.'),
(649, 441, 'Procédé géométrique sollicitant un effet de perspective continu sur un seul et même objet.'),
(650, 442, 'Qui est célébré avec éclat, revêt un caractère majestueux, public.'),
(651, 442, 'Qui présente une gravité, une importance particulière par sa nature ou du fait des circonstances.'),
(652, 442, 'Qui est empreint d\'une gravité souvent affectée, qui prend des airs d\'importance.'),
(653, 443, 'Respiration saccadée et bruyante qui se produit généralement dans les crises de larmes.'),
(654, 444, 'Se dit d\'une voix rude, âpre et comme enrouée ; qui produit des sons voilés.'),
(655, 445, 'Caractère d\'une personne qui feint, qui a deux attitudes, joue double jeu.'),
(656, 446, 'Traité par raffinage (sucre, pétrole…).'),
(657, 446, 'Qui est d\'une extrême délicatesse, d\'une subtilité remarquable.'),
(658, 447, 'Qui a de la finesse, qui est habile à percevoir des nuances ou à trouver des moyens ingénieux.'),
(659, 447, 'Qui est dit ou fait avec finesse, habileté.'),
(660, 448, 'Indépendamment de la réflexion ou de la volonté.'),
(661, 449, 'Irrégulier et brusque ; absence de continuité et manque de fluidité.'),
(662, 450, 'Respirer avec gêne à un rythme anormalement précipité ; être hors d\'haleine.'),
(663, 451, 'Exprimer sa souffrance d\'une voix plaintive et inarticulée.'),
(664, 452, 'Tracer une ligne qui limite les contours d\'une chose.'),
(665, 452, 'Contenir, limiter, empêcher quelque chose de dépasser certaines limites.'),
(666, 452, 'Délimiter, définir l\'étendue d\'un sujet.'),
(667, 453, 'Bien exclusif, propre à quelqu\'un ; privilège.'),
(668, 453, 'Partie des terres royales attribuées à un prince mais qui reviennent à la royauté à la mort de celui-ci.'),
(669, 454, 'Joindre quelque chose à, rattacher.'),
(670, 454, 'À propos d\'un Etat, faire passer un territoire sous sa souveraineté.'),
(671, 455, 'Qui exerce une contrainte.'),
(672, 456, 'Intention de faire quelque chose qui n\'est finalement pas mise en pratique.'),
(673, 457, 'Revendication de quelque chose, exigence fondée sur un droit que l\'on affirme ou un privilège que l\'on réclame.'),
(674, 457, 'Haute idée que l\'on se fait de ses propres capacités.'),
(675, 458, 'Qui sait prendre une résolution et s\'y tenir.'),
(676, 459, 'Personne qui prêche, prononce un sermon.'),
(677, 460, 'Qui est terminé, soldé, fini ou achevé.'),
(678, 461, 'Moquerie dédaigneuse, raillerie mêlée de mépris, sarcasme.'),
(679, 461, 'Ce qui est dérisoire, insignifiant.'),
(680, 462, 'Qui présente une suite de courbes irrégulières.'),
(681, 462, 'Qui emprunte des voies détournées.'),
(682, 463, 'Qui manque d\'adresse, d\'aisance, d\'habileté dans ses mouvements, ses gestes.'),
(683, 463, 'Qui manque d\'expérience, de sûreté, d\'habileté et de savoir-faire pour l\'exécution de quelque chose.'),
(684, 463, 'Qui manque de finesse d\'esprit, de diplomatie ou de sens de l\'opportunité.'),
(685, 463, 'Qui n\'est pas approprié au but recherché.'),
(686, 464, 'Ne pas faire confiance, être soupçonneux.'),
(687, 464, 'Se tenir sur ses gardes pour éviter un danger, un inconvénient.'),
(688, 465, 'Qui est toujours sur le même ton, ou dont le ton est peu varié.'),
(689, 465, 'Qui lasse par son uniformité, par la répétition.'),
(690, 466, 'Ardeur passionnée, élan enthousiaste.'),
(691, 467, 'Vivacité, fougue qui porte ou que l\'on met à faire quelque chose ; impétuosité.'),
(692, 467, 'Acharnement avec lequel quelque chose est fait.'),
(693, 467, 'Chaleur extrême.'),
(694, 468, 'Mouvement impétueux, plein d\'ardeur, parfois violent qui peut animer une personne.'),
(695, 469, 'Qualité de quelqu\'un qui ignore le mal.'),
(696, 469, 'État de quelqu\'un qui n\'est pas coupable d\'une faute déterminée.');
INSERT INTO `definitions` (`id`, `word_id`, `definition`) VALUES
(697, 469, 'Caractère de ce qui est exempt de malignité, de quelqu\'un qui est d\'une ingénuité, d\'une naïveté souvent excessives.'),
(698, 470, 'Amour de Dieu et de son prochain (vertu chrétienne).'),
(699, 470, 'Indulgence, bonté.'),
(700, 470, 'Acte de bonté, de générosité fait envers autrui.'),
(701, 471, 'Pitié qui amène au pardon.'),
(702, 472, 'Grimace de mépris, de rejet, de mécontentement.'),
(703, 473, 'Contraction de la bouche, qui donne l\'aspect d\'un rire forcé, d\'un sourire grimaçant.'),
(704, 474, 'Déformation volontaire du visage qui permet d\'exprimer un sentiment.'),
(705, 475, 'Torsion violente et anormale des muscles, des membres.'),
(706, 475, 'Exercice d\'acrobate consistant à donner à son corps et à ses membres des torsions.'),
(707, 475, 'Gestes outrés, ridicules, grimaces (surtout pluriel).'),
(708, 476, 'Attrait particulier de ce qui impose le respect ou l\'admiration.'),
(709, 477, 'Doué d\'une action néfaste et occulte.'),
(710, 478, 'Qui agit ou qui est fait de façon secrète, dont les buts restent inconnus, cachés.'),
(711, 479, 'Qui fait ou cherche à faire du mal à autrui.'),
(712, 479, 'Dont les effets sont néfastes.'),
(713, 480, 'Faire du tort, porter atteinte ou préjudice, faire du mal, causer des dommages à quelqu\'un.'),
(714, 480, 'Causer, créer une perturbation importante à l\'organisme, la santé d\'un être vivant, les mettre en danger.'),
(715, 481, 'Sentiment de pitié qui fait prendre part à la misère d\'autrui.'),
(716, 482, 'Prédiction, image apparue qui prévoit des événements qui ne se sont pas encore produits.'),
(717, 483, 'Réponse qu\'une divinité donnait aux questions des hommes.'),
(718, 483, 'Opinion qui jouit d\'un grand crédit.'),
(719, 484, 'Relatif à une personne qui se surestime, qui se sent supérieure.'),
(720, 485, 'Qui ne porte ni barbe ni moustache, qui est dépourvu de poils.'),
(721, 486, 'Personne qui, ayant le pouvoir suprême, l\'exerce de manière absolue, oppressive.'),
(722, 487, 'Souverain qui gouverne avec une autorité arbitraire et absolue.'),
(723, 488, 'Mettre en colère, énerver.'),
(724, 488, 'Provoquer l\'inflammation.'),
(725, 489, 'Qui s\'irrite, s\'emporte facilement.'),
(726, 490, 'Stimuler pour provoquer une activité physique ou intellectuelle.'),
(727, 490, 'Provoquer, faire naître.'),
(728, 490, 'Pousser à l\'action.'),
(729, 491, 'Qui convient parfaitement à une situation, à un usage, à un moment précis.'),
(730, 492, 'Ce qui convient parfaitement, qui est approprié, qui est convenable, propre à quelque chose.'),
(731, 493, 'Qui est empreint d\'une sombre tristesse.'),
(732, 493, 'Qui, par sa monotonie, inspire la tristesse.'),
(733, 493, 'Qui est sombre et maussade.'),
(734, 493, 'Qui est terne, sans éclat.'),
(735, 494, 'Avec volupté, en prenant du plaisir.'),
(736, 495, 'Réagir à une émotion ou une douleur par une brusque secousse involontaire du corps.'),
(737, 496, 'Être saisi d\'un léger tremblement produit par le froid ou une vive émotion.'),
(738, 497, 'Abattement physique ou moral qui se manifeste par un manque d\'activité, d\'énergie, de dynamisme.'),
(739, 497, 'Mélancolie empreinte de rêverie douce et d\'attendrissement amoureux.'),
(740, 498, 'Simplicité dans les manières, unie à la bonté du cœur.'),
(741, 499, 'Qui manifeste une mélancolie sentimentale.'),
(742, 499, 'Qui manifeste un état d\'affaiblissement généralisé, affaiblie par la maladie.'),
(743, 500, 'Contracter, tordre les muscles ou agiter les membres de manière involontaire, violente et brusque.'),
(744, 501, 'Tourner en dérision, ridiculiser quelqu\'un ou quelque chose par des moqueries, des plaisanteries plus ou moins vives.'),
(745, 183, 'Caractère humble, modeste.'),
(746, 502, 'Refus de comparaître devant un tribunal.'),
(747, 503, 'Ensemble de règles de conduite, considérées comme bonnes de façon absolue ou découlant d\'une certaine conception de la vie.'),
(748, 503, 'Science du bien et du mal, théorie des comportements humains, en tant qu\'ils sont régis par des principes éthiques.'),
(749, 503, 'Enseignement qui se dégage de quelque chose, conduite que l\'événement ou le récit invite à tenir.'),
(750, 503, 'Conclusion, en forme de morale, d\'une fable, d\'un récit.'),
(751, 504, 'Qualité de quelqu\'un qui observe parfaitement les règles morales, qui respecte scrupuleusement ses devoirs, les règlements, etc.'),
(752, 505, 'Capacité à faire le bien, prédisposition pour de bonnes actions.'),
(753, 505, 'Effet positif, bénéfice.'),
(754, 505, 'Chasteté, pudeur.'),
(755, 506, 'Ensemble des principes moraux qui sont à la base de la conduite de quelqu\'un.'),
(756, 507, 'Négation des valeurs intellectuelles et morales communes à un groupe social, refus de l\'idéal collectif de ce groupe.'),
(757, 508, 'Personne chargée de l\'éducation, de l\'instruction d\'un enfant (de famille noble, riche…) à domicile.'),
(758, 509, 'Qui concerne les funérailles.'),
(759, 509, 'Qui concerne la mort.'),
(760, 509, 'Qui est sombre, triste, lugubre, sinistre ; qui fait penser à la mort.'),
(761, 510, 'Cérémonies solennelles accomplies pour rendre les honneurs à la dépouille de quelqu\'un.'),
(762, 511, 'Qui suscite le dégoût, l\'aversion, la haine.'),
(763, 511, 'Très désagréable.'),
(764, 512, 'Habiller d\'une manière bizarre, ridicule.'),
(765, 513, 'Satisfaction de soi-même qui s\'étale d\'une manière insolente, déplaisante ou ridicule.'),
(766, 514, 'Dénaturer sciemment quelque chose par de fausses interprétations.'),
(767, 514, 'Dénigrer quelqu\'un par des calomnies, l\'attaquer mensongèrement.'),
(768, 515, 'Prouver l\'innocence de quelqu\'un ; blanchir, innocenter.'),
(769, 516, 'Jeter, lancer.'),
(770, 517, 'Qui est de nature à choquer la décence.'),
(771, 517, 'Qui présente des risques, qui peut aboutir à une situation embarrassante.'),
(772, 518, 'Personne qui a abdiqué devant le sort qui lui est fait.'),
(773, 519, 'Socle sur lequel on pose quelque chose.'),
(774, 520, 'Evénement tragique, violent.'),
(775, 521, 'Influence réciproque, profonde interpénétration.'),
(776, 521, 'Phénomène de diffusion entre deux solutions à travers une membrane semi-perméable.'),
(777, 522, 'Qui se laisse traverser ou pénétrer par un fluide.'),
(778, 522, 'Qui se laisse atteindre, toucher par quelque chose.'),
(779, 523, 'Qui présente une multitude de pores, de petits trous (matière minérale, poterie, etc.).'),
(780, 523, 'Perméable, qui permet l\'échange, l\'influence.'),
(781, 524, 'Classe des nobles.'),
(782, 524, 'Gouvernement fondé sur le pouvoir des nobles.'),
(783, 525, 'Catégorie sociale jouissant de privilèges particuliers.'),
(784, 525, 'Grande valeur morale ou intellectuelle.'),
(785, 526, 'Tendance à faire le mal consciemment par plaisir de nuire.'),
(786, 527, 'Toxique, dangereux pour la santé.'),
(787, 527, 'Nuisible, néfaste, malsain.'),
(788, 528, 'Qui ne professe pas la religion considérée comme vraie.'),
(789, 528, 'Qui n\'a aucune religion.'),
(790, 529, 'Réunion ou défilé de personnes déguisées et masquées.'),
(791, 529, 'Déguisement étrange, accoutrement ridicule.'),
(792, 529, 'Comédie hypocrite, mise en scène trompeuse.'),
(793, 529, 'Divertissement d\'origine italienne et de caractère aristocratique, constitué par des scènes ou des entrées allégoriques, mythologiques, satiriques ou burlesques de personnages masqués, entremêlées de musique, de danse et de poésie.'),
(794, 530, 'User de détours, de faux-fuyants, pour éviter de dire nettement quelque chose, pour retarder une décision.'),
(795, 531, 'Recouvrir quelque chose entièrement, en parlant des eaux.'),
(796, 531, 'En parlant d\'un sentiment, d\'une sensation, envahir quelqu\'un.'),
(797, 531, 'Déborder, envahir quelqu\'un, un groupe, lui imposer la force supérieure du nombre.'),
(798, 531, 'Mettre quelqu\'un dans une situation où il ne peut plus faire face.'),
(799, 532, 'Personne espiègle, malicieuse.'),
(800, 532, 'Grivois, leste.'),
(801, 533, 'Qui manque de pudeur, de décence.'),
(802, 534, 'Qui a de la souplesse, de la légèreté dans ses mouvements.'),
(803, 534, 'Qui manque de réserve, de sérieux.'),
(804, 535, 'Caractère de ce qui est osé et hardi, ajouté à un côté graveleux, grossier.'),
(805, 536, 'Adresse inventive.'),
(806, 537, 'Habileté dans les mouvements, les gestes.'),
(807, 537, 'Finesse d\'esprit, capacité à obtenir des résultats.'),
(808, 537, 'Indication du domicile de quelqu\'un.'),
(809, 538, 'Qui possède un esprit inventif, qui trouve aisément des solutions appropriées à une situation.'),
(810, 539, 'Faculté de l\'esprit d\'évoquer, sous forme d\'images mentales, des objets ou des faits connus par une perception, une expérience antérieures.'),
(811, 539, 'Capacité d\'élaborer des images et des conceptions nouvelles, de trouver des solutions originales à des problèmes.'),
(812, 539, 'Fonction par laquelle l\'esprit voit, se représente, sous une forme sensible, concrète, des êtres, des choses, des situations dont il n\'a pas eu une expérience directe.'),
(813, 540, 'Images produites pendant le sommeil et résultant de l\'activité psychique.'),
(814, 540, 'Fait de laisser aller librement son imagination ; idée chimérique.'),
(815, 540, 'Représentation, plus ou moins idéale ou chimérique, de ce qu\'on veut réaliser, de ce qu\'on désire.'),
(816, 541, 'Sentence d\'excommunication prononcée par les Églises catholique ou orthodoxe.'),
(817, 541, 'Blâme solennel, réprobation publique.'),
(818, 542, 'Personne ayant ouvert la voie à de nouvelles idées ou de nouveaux mouvements.'),
(819, 542, 'Qui précède ; annonciateur.'),
(820, 543, 'Personne qui a abandonné, trahi ses opinions, sa religion, son parti.'),
(821, 544, 'Qui fait référence à Corneille.'),
(822, 544, 'Qui constitue un dilemme, qui oppose la raison et les sentiments.'),
(823, 545, 'Ensemble des aspects intellectuels, artistiques et des idéologies d\'une civilisation ou d\'un groupe particulier.'),
(824, 545, 'Ensemble des connaissances acquises dans un domaine.'),
(827, 545, 'Action de cultiver le sol ou une plante.'),
(828, 545, 'Méthode destinée à faire croître des micro-organismes.'),
(829, 546, 'Passion, vif enthousiasme ; transport de l\'esprit auquel on s\'abandonne complètement.'),
(830, 547, 'Qui écœure, soulève le cœur.'),
(831, 547, 'Moralement répugnant, révoltant.'),
(832, 548, 'Impression de perte d\'équilibre lorsque l\'on regarde dans le vide.'),
(833, 548, 'Trouble, exaltation, égarement dû à quelque chose d\'intense.'),
(834, 549, 'Inciter quelqu\'un à agir, à poursuivre son action, son effort.'),
(835, 549, 'Rendre un sentiment, une faculté, une activité, une fonction organique plus intenses, plus vifs.'),
(836, 550, 'Créer ou développer chez quelqu\'un, un animal, un état d\'irritation ou de tension nerveuse.'),
(837, 550, 'Pousser fortement quelqu\'un à quelque chose, l\'y engager vivement.'),
(838, 550, 'Faire naître une sensation, un sentiment, une fonction, les stimuler, les rendre plus vifs.'),
(839, 550, 'Éveiller chez quelqu\'un le désir physique.'),
(840, 551, 'Affection, intérêt très vif pour quelque chose.'),
(841, 551, 'Émotion très forte qui va à l\'encontre de la raison.'),
(842, 552, 'Être le maître d\'un territoire, exercer sur lui sa souveraineté pleine et entière.'),
(843, 552, 'Exercer sur quelqu\'un un ascendant, une influence, lui imposer sa volonté.'),
(844, 552, 'Surclasser un concurrent, un adversaire, lui être supérieur ; surpasser.'),
(845, 552, 'Maîtriser un sentiment ; contrôler.'),
(846, 552, 'En parlant d\'un sentiment, avoir envahi quelqu\'un et influencer fortement son comportement.'),
(847, 552, 'Surplomber quelque chose, être dans une position plus élevée.'),
(848, 552, 'Être plus grand que quelqu\'un (de tant).'),
(849, 552, 'Avoir plus de force ou d\'intensité que le reste.'),
(850, 552, 'Avoir une connaissance approfondie d\'un sujet, d\'une question, pouvoir les traiter avec aisance.'),
(851, 553, 'Attitude ou conduite de celui qui ne se préoccupe que de son intérêt, éventuellement au détriment de celui d\'autrui.'),
(852, 554, 'Petit café populaire.'),
(853, 555, 'Personne ou événement qui arrive à point nommé pour sauver une situation ou qui constitue une chance, un secours exceptionnels.'),
(854, 555, 'Sage gouvernement de Dieu sur la création ; (avec majuscule) Dieu gouvernant la création.'),
(855, 556, 'Cesser d\'être fidèle à quelqu\'un, à un groupe, un parti, une cause, les abandonner.'),
(856, 556, 'Ne pas respecter l\'engagement pris.'),
(857, 556, 'Dénaturer, altérer la pensée de quelqu\'un, par un compte rendu incomplet ou infidèle, par une interprétation fausse, etc.'),
(858, 556, 'Être la cause qui révèle la présence, l\'identité, un aspect caché de quelqu\'un.'),
(859, 557, 'Se dit d\'un lieu plongé dans les ténèbres, dans une obscurité profonde.'),
(860, 557, 'Qui se fait secrètement, dans l\'ombre et avec une intention malveillante.'),
(861, 557, 'Qui reste obscur, mal connu, mystérieux ; secret.'),
(862, 558, 'Assurance, hardiesse, courage qui vient de la conscience qu\'on a de sa valeur, de sa chance.'),
(863, 558, 'Sentiment de quelqu\'un qui se fie entièrement à quelqu\'un d\'autre, à quelque chose.'),
(864, 559, 'Sentiment favorable envers une personne, une chose.'),
(865, 560, 'Qui s\'élève au-dessus du niveau moyen, qui excelle dans son domaine.'),
(866, 560, 'Qui dépasse l\'action et la connaissance, qui suppose un principe supérieur.'),
(867, 561, 'Inquiétude très vive, peur accompagnée d\'angoisse à l\'idée d\'un danger proche.'),
(868, 561, 'État d\'exaltation de quelqu\'un qui est transporté hors de lui-même et hors du monde réel ; convulsions, manifestations extérieures marquant cet état.'),
(869, 561, 'État modifié de conscience dans lequel entrent les médiums quand ils communiquent avec les esprits.'),
(870, 562, 'Personne capable de percevoir, par des moyens apparemment surnaturels, les messages des esprits des défunts et de servir d\'intermédiaire entre les vivants et les morts.'),
(871, 562, 'Personne douée de talents paranormaux.'),
(872, 563, 'Saveur aigre.'),
(873, 563, 'Sensation d\'acidité au niveau de l\'estomac.'),
(874, 563, 'Mauvaise humeur se traduisant par des remarques désobligeantes.'),
(875, 564, 'Qui vit par troupeaux.'),
(876, 564, 'Relatif au groupement des êtres vivants, des humains, à la tendance à vivre en groupe.'),
(877, 565, 'Qui est de la même espèce en parlant d\'un animal.'),
(878, 565, 'ndividu de la même nature qu\'un autre, son semblable.'),
(879, 566, 'Somme ou objet misé au jeu et qui revient au gagnant.'),
(880, 566, 'Ce que l\'on peut gagner ou perdre lors d\'une action.'),
(881, 567, 'Unité militaire composée de plusieurs régiments sous un même commandement.'),
(882, 567, 'Unité de police ou de gendarmerie spécialisée.'),
(883, 567, 'Equipe d\'ouvriers.'),
(884, 568, 'Qui est sujet à des fantaisies, à des caprices.'),
(885, 568, 'Bizarre, extraordinaire, plein de fantaisie, d\'originalité.'),
(886, 569, 'Qui est né de l\'imagination, qui n\'est pas réel.'),
(887, 569, 'Incroyable.'),
(888, 570, 'Imagination libre, sans contrainte ni règle ; faculté de création.'),
(889, 570, 'Désir, goût passager (qui ne correspond pas à un besoin véritable).'),
(890, 570, 'Originalité amusante, tendance à prendre des initiatives imprévues.'),
(891, 571, 'D\'un vert tirant sur le bleu.'),
(892, 571, 'Qui est terne, sinistre, triste, sans éclat.'),
(893, 572, 'Se dit d\'une œuvre de fiction privilégiant les scènes sanglantes.'),
(894, 573, 'Art de l\'expression gestuelle, sans parole.'),
(895, 573, 'Spectacle mimé, reposant sur cet art.'),
(896, 574, 'Dysfonctionnement corporel marqué par une obstruction d\'un vaisseau par un caillot ou une bulle de gaz.'),
(897, 575, 'Elire ou approuver à une forte majorité.'),
(898, 576, 'Qui convient parfaitement, judicieux, approprié.'),
(899, 577, 'D\'une constitution faible, d\'une santé déficiente.'),
(900, 577, 'Qui est étrange car changeant (à propos d\'un esprit, d\'une humeur).'),
(901, 578, 'Traitement humiliant, affront public.'),
(902, 579, 'Ne pas prendre soin de quelque chose.'),
(903, 579, 'Se désintéresser de quelque chose, ne plus s\'en occuper.'),
(904, 579, 'Ne plus porter à quelqu\'un l\'attention, l\'affection qu\'on lui devait ou qu\'on avait pour lui.'),
(905, 579, 'Ne pas tenir compte de quelque chose, le dédaigner.'),
(906, 579, 'Laisser échapper, ne pas profiter de.'),
(907, 579, 'Omettre de faire quelque chose, oublier, manquer.'),
(908, 580, 'Ébahi, stupéfait.'),
(909, 581, 'Nourissant.'),
(910, 581, 'Considérable, non négligeable.'),
(911, 581, 'Essentiel.'),
(912, 582, 'Mettre de l\'argent de côté sans le dépenser ni le faire fructifier.'),
(913, 583, 'Qui a lieu tous les siècles.'),
(914, 583, 'Qui date de plusieurs siècles ; très vieux.'),
(915, 584, 'Vendre, transférer à quelqu\'un la propriété de quelque chose.'),
(916, 584, 'Abandonner, perdre un droit, une qualité essentielle.'),
(917, 584, 'Soumettre quelqu\'un à des contraintes, lui enlever son libre arbitre.'),
(918, 584, 'Détourner, éloigner quelque chose, quelqu\'un de quelqu\'un.'),
(919, 585, 'Coup donné avec la pointe de l\'épée.'),
(920, 585, 'Coup porté par le matador qui tue le taureau.'),
(921, 585, 'Attaque soudaine et décisive.'),
(922, 586, 'Qui est originaire du pays dans lequel il vit.'),
(923, 587, 'Syllabe ou phrase sacrée dotée d\'un pouvoir spirituel (dans l\'hindouisme et le bouddhisme).'),
(924, 588, 'Classe sociale fermée, notamment en Inde.'),
(925, 588, 'Groupe social fermé.'),
(926, 588, 'Chez les insectes, Groupe d\'individus spécialisés par leur fonction (ouvrière, soldat…).'),
(927, 589, 'Qui marche avec peine suite à une blessure ou une maladie.'),
(928, 590, 'Réduire à néant, détruire.'),
(929, 590, 'Briser moralement quelqu\'un.'),
(930, 591, 'Groupement humain qui possède une structure familiale, économique et sociale homogène, et dont l\'unité repose sur une communauté de langue, de culture et de conscience de groupe.'),
(931, 592, 'Fauteur de troubles, agitateur.'),
(932, 593, 'Désigne l\'étude scientifique de l\'homme, des groupes humains, sous tous leurs aspects, aussi bien l\'histoire physique que la culture.'),
(933, 594, 'Effronterie sans retenue ou cynique qui choque, indigne.'),
(934, 594, 'Action, parole impudente.'),
(935, 595, 'Qui est d\'une grande insolence, qui n\'a honte de rien.'),
(936, 596, 'Qui ne travaille que pour un salaire, qui est inspiré par la seule considération du gain.'),
(937, 596, 'Soldat qui agit pour le compte d\'un gouvernement étranger.'),
(938, 597, 'Action de se soulever contre un pouvoir établi en ayant recours à la lutte armée.'),
(939, 598, 'Soumettre quelqu\'un, un groupe à un pouvoir tyrannique et violent, l\'écraser sous une autorité excessive, répressive.'),
(940, 598, 'Empêcher un groupe de s\'exprimer librement.'),
(941, 599, 'Séduire, exercer un ascendant fort sur.'),
(942, 600, 'Persistance d\'une maladie infectieuse au sein d\'une population ou d\'une région.'),
(943, 601, 'Atteinte simultanée d\'un grand nombre de personnes par une maladie contagieuse.'),
(944, 602, 'Épidémie étendue à toute la population d\'un continent, voire au monde entier.'),
(945, 603, 'Se dit d\'une maladie qui est persistante dans une région.'),
(946, 603, 'Qui sévit constamment.'),
(947, 604, 'Voler, dépouiller (une ville, un local) des biens qu\'on trouve, d\'une façon violente et destructive.'),
(948, 604, 'Plagier un auteur.'),
(949, 605, 'Volonté libre, non contrainte.'),
(950, 606, 'Faire valoir quelque chose, en tirer parti.'),
(951, 606, 'Profiter de façon abusive.'),
(952, 606, 'Utiliser pour tirer un bénéfice.'),
(953, 607, 'Éprouver une joie débordante qui se manifeste sans retenue.'),
(954, 608, 'Personne qui a quitté son pays pour peupler, exploiter une colonie ; habitant d\'une colonie.'),
(955, 609, 'Faire peser sur quelqu\'un une charge si pénible qu\'il a du mal à y faire face ; écraser.'),
(956, 609, 'Montrer par la parole la culpabilité de quelqu\'un.'),
(957, 610, 'Mélanger, prendre une personne ou une chose pour une autre.'),
(958, 610, 'Réduire une personne au silence en lui démontrant ses torts, ses fautes.'),
(959, 610, 'Surprendre, déconcerter.'),
(960, 611, 'Faire perdre contenance à quelqu\'un, le dérouter.'),
(961, 612, 'Mettre en désordre, dans une grande confusion.'),
(962, 612, 'Introduire un brusque changement.'),
(963, 612, 'Causer une grande émotion à quelqu\'un.'),
(964, 613, 'Etat d\'agitation ou de nervosité intense.'),
(965, 614, 'Délai à la fin duquel on ne peut plus aspirer à des poursuites ou des sanctions pénales.'),
(966, 614, 'Recommandation thérapeutique, éventuellement consignée sur ordonnance, faite par le médecin.'),
(967, 614, 'Ordre formel et détaillé énumérant ce qu\'il faut faire.'),
(968, 615, 'Qui s\'exprime avec emportement, fougue, passionné, enflammé.'),
(969, 616, 'Qui est au plus profond de quelqu\'un, de quelque chose, qui constitue l\'essence de quelque chose et reste généralement caché, secret.'),
(970, 616, 'Qui atteint le fond des choses.'),
(971, 616, 'Avec qui on est étroitement lié.'),
(972, 616, 'Qui se passe entre un petit nombre de personnes plus ou moins étroitement unies par des liens d\'amitié, d\'amour.'),
(973, 616, 'Qui est caché des autres et appartient à ce qu\'il y a de tout à fait privé.'),
(974, 617, 'Signifier quelque chose à quelqu\'un avec autorité.'),
(975, 618, 'Qu\'on ne peut exprimer par des mots en raison de son intensité ou de sa nature.'),
(976, 618, 'Qui est d\'un ridicule ou d\'une extravagance qui dépasse les mots.'),
(977, 619, 'Perte de la parole ou trouble du langage suite à une lésion cérébrale.'),
(978, 620, 'Qui recourt à l\'abstraction, n\'opère pas sur la réalité.'),
(979, 620, 'Qui est difficile à comprendre par manque de référence à la réalité concrète.'),
(980, 620, 'Se dit de ce qui est conçu indépendamment de ses éléments constitutifs.'),
(981, 621, 'Brûler une plaie superficiellement pour prévenir d\'une infection.'),
(982, 622, 'Compromettre quelque chose, le déshonorer en en faisant mauvais usage ; le gaspiller.'),
(983, 623, 'Qui se heurte à une contradiction.'),
(984, 624, 'Contradiction insoluble qui apparaît dans un raisonnement.'),
(985, 625, 'Qui concerne le sens, la signification.'),
(986, 626, 'Science qui étudie les systèmes de communication par signes entre les individus.'),
(987, 626, 'Étude des symptômes des maladies.'),
(988, 627, 'Entremise destinée à mettre d\'accord, à concilier ou à réconcilier des personnes, des partis, des États.'),
(989, 628, 'Règlement d\'un différend par une ou plusieurs personnes auxquelles les parties ont décidé de s\'en remettre.'),
(990, 628, 'Opération d\'achat et de vente en vue de tirer bénéfice des différences de cours (entre deux choses, deux places boursières).'),
(991, 628, 'Fonction d\'arbitre, en sport ; exercice de ces fonctions.'),
(992, 629, 'Raisonner de manière incohérente, tenir des propos délirants.'),
(993, 629, 'Errer, rôder, vagabonder.'),
(994, 630, 'Trouble psychique qui se traduit par une confusion des idées, une perception erronée de la réalité.'),
(995, 630, 'Folie, démesure, exaltation.'),
(996, 631, 'Supériorité absolue de rang, de dignité, de droit, de degré.'),
(997, 632, 'Dessiner, ombrer avec l\'estompe.'),
(998, 632, 'Rendre moins net, rendre flou.'),
(999, 632, 'Enlever de son relief à (un souvenir, un caractère…).'),
(1000, 633, 'Procédé qui consiste à rapprocher, dans une même phrase, des paronymes ou des mots aux sonorités proches.'),
(1001, 634, 'Mot qui ressemble fortement à un autre, de par sa forme, son orthographe, mais qui a un sens différent.'),
(1002, 635, 'Connaissance approfondie, reconnue, qui confère le droit de juger ou de décider en certaines matières.'),
(1003, 635, 'Aptitude légale à instruire et juger une affaire.'),
(1004, 636, 'Supériorité de quelque chose.'),
(1005, 636, 'Bonne ou mauvaise manière d\'être de quelque chose ou de quelqu\'un.'),
(1006, 636, 'Talent, aptitude particulière.'),
(1007, 637, 'Homme élégant qui soigne son apparence, ses manières et qui et qui a de l\'esprit.'),
(1008, 638, 'Qui veut rétablir un état passé, précédent ; qui s\'oppose à l\'évolution, au progrès.'),
(1009, 639, 'Se dit d\'un pays en état de guerre avec un autre.'),
(1010, 640, 'Subordonné, dont la position est inférieure.'),
(1011, 641, 'Principe moral qui exige le respect du droit et de l\'équité.'),
(1012, 641, 'Juste appréciation, reconnaissance et respect des droits et du mérite de chacun.'),
(1013, 641, 'Fonction souveraine de l\'État consistant à trancher les litiges entre sujets de droit et à définir, sur le fondement des lois de la société, les comportements antisociaux.'),
(1014, 642, 'Qui incite à se révolter.'),
(1015, 642, 'Qui est provoquant.'),
(1016, 643, 'Forme d\'émeute face à un pouvoir ou une autorité établie, dont le but ne serait pas uniquement de renverser les détenteurs d\'une puissance, mais de rompre définitivement tout lien avec ce système.'),
(1017, 644, 'Dos de l\'homme et colonne vertébrale de certains animaux.'),
(1018, 644, 'Partie du haut du dos du porc.'),
(1019, 330, 'Personne qui ne dispose pas de la propriété des moyens de production et doit vendre sa force de travail pour vivre.'),
(1020, 645, 'Doctrine centrée autour des libertés individuelles.'),
(1021, 645, 'Doctrine économique qui défend la libre entreprise, la non intervention de l\'Etat dans le secteur économique.'),
(1022, 646, 'Collier métallique qui sert à attacher un prisonnier à un poteau.'),
(1023, 646, 'Entrave à une liberté.'),
(1024, 647, 'Action d’asservir, de réduire un état, une personne à la servitude, à l’esclavage.'),
(1025, 647, 'Etat de ce qui est réduit à la servitude.'),
(1026, 648, 'Qui paraît logique, raisonnable, conforme au bon sens ; qui raisonne avec justesse.'),
(1027, 649, 'D\'un très haut degré dans l\'échelle des valeurs esthétiques, intellectuelles ou morales.'),
(1028, 650, 'Tension interne propre au système de pensées, croyances, émotions et attitudes (cognitions) d\'une personne lorsque plusieurs d\'entre elles entrent en contradiction l\'une avec l\'autre.'),
(1029, 651, 'Concept juridique, philosophique et politique qui implique la prééminence du droit sur le pouvoir politique dans un État, ainsi que l\'obéissance de tous, gouvernants et gouvernés, à la loi.'),
(1030, 651, 'Système institutionnel dans lequel la puissance publique est soumise au droit.'),
(1031, 652, 'Acte par lequel un individu ou un organe s\'oppose temporairement ou définitivement à l\'entrée en vigueur d\'une décision d\'un autre individu ou d\'un autre organe.'),
(1032, 652, 'Opposition, refus formel à une discussion quelconque.'),
(1033, 653, 'Publier une loi de manière à ce qu\'elle soit applicable.'),
(1034, 654, 'Qui manque de force, de vitalité.'),
(1035, 654, 'Qui est dénué d\'accent tonique.'),
(1036, 655, 'Dommage survenu à un navire ou aux marchandises qu\'il transporte.'),
(1037, 655, 'Dommage survenu au cours d\'un transport (terrestre ou aérien).'),
(1038, 656, 'Graminée sauvage qui est nuisible pour la pousse des céréales.'),
(1039, 657, 'Préparer un produit pour le transport et la vente.'),
(1040, 657, 'Être la condition de, être sous réserve de la réalisation d\'une autre chose.'),
(1041, 657, 'Déterminer, pousser quelqu\'un à agir d\'une certaine façon.'),
(1042, 658, 'Juxtaposition de deux voyelles dans un mot ou entre deux mots qui rend la prononciation difficile.'),
(1044, 658, 'Décalage, coupure.'),
(1045, 658, 'En anatomie, nom donné à certains orifices.'),
(1046, 659, 'Renvoyer à une date ultérieure.'),
(1047, 659, 'Faire durer au-delà de la date d\'expiration fixée.'),
(1048, 660, 'Action ou état d\'une personne qui cesse d\'obéir à une communauté, à une autorité établie.'),
(1049, 661, 'Division d\'un territoire sur le plan administratif, religieux ou militaire.'),
(1050, 662, 'Produit ajouté à un autre pour en renforcer l\'action.'),
(1051, 662, 'Dans un récit, Personnage qui a pour fonction d\'aider celui qui accomplit l\'action.'),
(1052, 663, 'Combattant qui n\'appartient pas à une armée régulière.'),
(1053, 663, 'Personne qui mène une action indépendante.'),
(1054, 664, 'Guerre opposant des petits groupes de partisans et utilisant le harcèlement, les embuscades et autres coups de main.'),
(1055, 665, 'Partie qui prolonge une partie principale.'),
(1056, 665, 'Petit prolongement de l\'intestin en forme de doigt de gant.'),
(1057, 665, 'Supplément, note en fin de livre.'),
(1058, 666, 'Recueil de morceaux choisis d\'oeuvres littéraires ou musicales.'),
(1059, 666, 'Mémorable, historique, qui restera dans les annales.'),
(1060, 667, 'Variante de langue liée à un groupe social, culturel ou professionnel donné.'),
(1061, 668, 'Variante de langue liée à des conditions temporelles ou générationnelles.'),
(1062, 669, 'Variante de langue propre à un individu donné.'),
(1063, 670, 'Discours vague et emphatique.'),
(1064, 671, 'Polyèdre à deux bases parallèles et dont les faces sont des parallélogrammes.'),
(1065, 671, 'Prisme en matière transparente qui a la propriété de dévier et de décomposer la lumière.'),
(1066, 672, 'Qui a plusieurs faces polygonales.'),
(1067, 673, 'Qui admet plusieurs angles.'),
(1068, 674, 'Apparition fantastique et effrayante d\'un mort.'),
(1069, 674, 'Perspective menaçante.'),
(1070, 674, 'Décomposition d\'une onde ou d\'un rayonnement en ses différentes composantes.'),
(1071, 674, 'Champ d\'action, d\'efficacité (d\'un antibiotique).'),
(1072, 675, 'Qui est basé sur le raisonnement.'),
(1073, 675, 'Qui a trait au discours.'),
(1074, 676, 'Raisonnement par lequel on analyse les conséquences de quelque chose, conclusion.'),
(1075, 676, 'Soustraction, retranchement.'),
(1076, 677, 'Suite d\'arguments, de propositions liés les uns aux autres, en particulier selon des principes logiques, et organisés de manière à aboutir à une conclusion'),
(1077, 678, 'Connaissance directe, immédiate de la vérité, sans recours au raisonnement, à l\'expérience.'),
(1078, 678, 'Sentiment irraisonné, non vérifiable qu\'un événement va se produire, que quelque chose existe.'),
(1079, 679, 'Part héréditaire et innée des tendances comportementales de l\'homme et des animaux'),
(1080, 679, 'Impulsion souvent irraisonnée qui détermine l\'homme dans ses actes, son comportement.'),
(1081, 679, 'Avoir un don, une disposition naturelle, une aptitude à sentir ou à faire quelque chose.'),
(1082, 680, 'Science qui étudie les principes et les causes, à un niveau abstrait et général.\n'),
(1083, 680, 'Détachement, calme, fermeté.'),
(1084, 681, 'Qui évite de se donner de la peine, qui agit avec mollesse'),
(1085, 682, 'Ensemble des processus par lesquels l\'être humain au contact de la réalité matérielle et sociale élabore des concepts, les relie entre eux et acquiert de nouvelles connaissances.'),
(1086, 682, 'Activité de l\'esprit ; faculté, action de réfléchir.'),
(1087, 682, 'Façon de juger, de penser ; intention, opinion.'),
(1088, 682, 'Ensemble d\'idées propres à quelqu\'un, à un groupe, etc.'),
(1089, 683, 'Vocabulaire et habitudes de langage propres à un milieu fermé, dont certains mots passent dans la langue commune.'),
(1090, 684, 'Jeu frauduleux où l\'on doit faire deviner une carte à un adversaire.'),
(1091, 685, 'Personne qui s\'attarde à regarder le spectacle de la rue.'),
(1092, 686, 'Ensemble organisé de principes, de règles, de lois scientifiques visant à décrire et à expliquer un ensemble de faits.'),
(1093, 686, 'Ensemble relativement organisé d\'idées, de concepts se rapportant à un domaine déterminé.'),
(1094, 687, 'Qui existe de manière diffuse, sans être apparent, mais qui peut à tout moment se manifester.'),
(1095, 688, 'Qui est évident, manifeste, connu de tous.'),
(1096, 689, 'Que l\'on ne cache pas, qui est fait avec l\'intention d\'être vu.'),
(1097, 690, 'Qui est connu d\'un très grand nombre de personnes et qui n\'est pas contesté.'),
(1098, 690, 'Reconnu comme tel.'),
(1099, 691, 'Douleur, grande souffrance physique ou morale.'),
(1100, 692, 'Immense tristesse, chagrin, souffrance, accablement.'),
(1101, 693, 'En proie aux tourments, inquiet, angoissé.'),
(1102, 693, 'Très irrégulier, chaotique.'),
(1103, 693, 'Être marqué par l\'inquiétude, les soucis moraux, les passions violentes.'),
(1104, 694, 'Amollissant, qui ôte toute énergie.'),
(1105, 694, 'Apaisant, calmant.'),
(1106, 695, 'Qui sert de pivot, de centre.'),
(1107, 696, 'Mécanisme de défense psychologique mis en oeuvre par un individu qui tente de maintenir sa liberté d\'action lorsqu\'il la perçoit comme menacée.'),
(1108, 697, 'Diminution de la sensibilité, de l\'activité, sans perte de conscience.'),
(1109, 698, 'Traiter quelqu\'un, quelque chose avec beaucoup de mépris.'),
(1110, 699, 'Qui est trop méfiant, trop attaché à ses habitudes, qui craint le risque, les responsabilités, l\'imprévu.'),
(1111, 700, 'En Inde, nom donné aux intouchables.'),
(1112, 700, 'Personne exclue socialement, méprisée par un groupe.'),
(1113, 701, 'Comédie pour attirer l\'attention ou pour tromper.'),
(1114, 702, 'Affront, mortification, blessure d\'amour-propre dus à une situation humiliante.'),
(1115, 702, 'Fourneau de mine destiné à détruire une galerie ennemie et asphyxier ses occupants.'),
(1116, 703, 'Tentative de séduction au moyen de petits artifices, tels que des gloussements, des battements de cils ou des petits gestes délicats.'),
(1117, 703, 'Petite pâtisserie servie en assortiment à la fin d\'un repas.'),
(1118, 704, 'Acte ou parole témoignant publiquement du mépris ; outrage.'),
(1119, 705, 'Action de vernir ou de vernisser une surface.'),
(1120, 705, 'Réception donnée afin d\'inaugurer une exposition.'),
(1121, 706, 'Relatif à un système dans son ensemble.'),
(1122, 707, 'Qui s\'intéresse à son objet dans sa globalité.'),
(1123, 708, 'Bavardage intarissable et sans consistance; besoin irrésistible de parler.'),
(1124, 709, 'Caractère de quelqu’un qui évite tout effort, agit avec mollesse et nonchalance.'),
(1125, 710, 'Port naturel ou formé d\'une jetée aménagée.'),
(1126, 710, 'Ce qui constitue un abri, un refuge sûr et calme.'),
(1127, 711, 'Qui est à l\'origine des maladies.'),
(1128, 712, 'Fonction du prêtre.'),
(1129, 712, 'Fonction qui présente un caractère particulièrement respectable en raison du dévouement à l\'égard d\'autrui qu\'elle exige.'),
(1130, 713, 'Lieu qui renferme beaucoup d\'objets en désordre.'),
(1131, 714, 'Chanson populaire à thème satirique.'),
(1132, 714, 'Comédie légère, divertissante, fertile en intrigues et rebondissements.'),
(1133, 714, 'Situation comique et compliquée.'),
(1134, 715, 'Avec brutalité, sans délicatesse.'),
(1135, 716, 'Défense face à un délit ou un crime qui repose sur la preuve que l\'on était dans un autre lieu au moment en question.'),
(1136, 716, 'Excuse, justification.'),
(1137, 717, 'Végétation méditerranéenne constituée de buissons épineux.'),
(1138, 717, 'Ce qui est complexe, inextricable.'),
(1139, 717, 'Lieu où les résistants s\'organisent.'),
(1140, 718, 'Ce qui semble impossible à démêler, c\'est-à-dire dont on ne peut pas se défaire.'),
(1141, 719, 'Qui manque d\'idéal, de noblesse, sans poésie.'),
(1142, 720, 'Rendre valide en ratifiant de façon juridique.'),
(1143, 720, 'Admettre, approuver.'),
(1144, 721, 'Très mince, très fin.'),
(1145, 722, 'Discuter de manière interminable.'),
(1146, 723, 'Homme sans courage ni dignité.'),
(1147, 724, 'Renvoyer la lumière avec des scintillements.'),
(1148, 724, 'Proposer quelque chose de manière à séduire, appâter.'),
(1149, 725, 'Briller avec des reflets changeants selon la lumière reçue.'),
(1150, 726, 'Règles qui vont codifier le déroulement d\'un culte (religieux).'),
(1151, 727, 'Bavardage médisant.'),
(1152, 728, 'Incapacité d\'être ému ou de réagir (par mollesse, indifférence, état dépressif, etc.).'),
(1153, 729, 'Laideur morale, ignominie qui résulte d\'un comportement honteux.'),
(1154, 729, 'Action, parole, pensée honteuse, infamie.'),
(1155, 730, 'Grande piété, attachement à une religion et ses pratiques.'),
(1156, 730, 'Grande attention, vénération portée à quelque chose.'),
(1157, 731, 'Machination secrète ou déloyale pour obtenir quelque avantage ou pour nuire à quelqu\'un'),
(1158, 731, 'Succession de faits et d\'actions qui forment la trame d\'une pièce de théâtre, d\'un roman, d\'un film.'),
(1159, 731, 'Liaison amoureuse passagère, plus ou moins secrète.'),
(1160, 732, 'Qui est semblable au feutre (étoffe non tissée, qui se fait en agglutinant du poil ou de la laine).'),
(1161, 732, 'Silencieux, discret.'),
(1162, 733, 'Territoire occupé (et maintenu dans un état de dépendance) par une nation en dehors de ses propres frontières.'),
(1163, 733, 'Ensemble d\'individus d\'une même nation et qui vivent à l\'étranger dans une même région, une même ville.'),
(1164, 733, 'Réunion d\'animaux souvent d\'une même espèce.'),
(1165, 734, 'Envahir et transformer un pays en colonie.'),
(1166, 734, 'Peupler un territoire de colons.'),
(1167, 735, 'S\'approprier, s\'octroyer, s\'attribuer quelque chose, de manière illégitime ou abusive, sans en avoir le droit.'),
(1168, 736, 'User de finesses, de subterfuges pour se dérober ou obtenir un avantage ; ruser.'),
(1169, 737, 'Supprimer, rayer (ce qui est écrit).'),
(1170, 738, 'État d\'une personne qui supporte une situation très pénible.'),
(1171, 739, 'Qui prédomine, s\'impose à l\'esprit, significatif, expressif.'),
(1172, 740, 'Grande rapidité (dans le geste, l\'action).'),
(1173, 740, 'Vitesse de propagation d\'une onde.'),
(1174, 741, 'Qui appartient au domaine laïc et non à l\'Eglise.'),
(1175, 741, 'Relatif à un homme d\'église qui n\'appartient pas à un ordre religieux.'),
(1176, 742, 'Qualifie une élection, une sélection, sous un angle d\'élévation, quasi spirituel, presque de sainteté (relatif à onction, en référence aux règles de l\'Église).'),
(1177, 743, 'Qui fait des détours, présente des courbes irrégulières.'),
(1178, 743, 'Qui emploie des procédés détournés, manquant de franchise.'),
(1179, 744, 'Se délecter avec complaisance et suffisance de quelque chose.'),
(1180, 744, 'Se laver la gorge avec un liquide.'),
(1181, 745, 'Pratique qui consiste à bannir ou à exclure quelqu\'un, le privant de toute possibilité d\'action.'),
(1182, 745, 'Écarter une personne du pouvoir.'),
(1183, 746, 'Domination d\'une puissance, d\'un pays, d\'un groupe social, etc., sur les autres.'),
(1184, 747, 'Marché où un petit nombre de vendeurs ont le monopole de l\'offre, les acheteurs étant nombreux.'),
(1185, 748, 'Situation où une seule entreprise est maître de l\'offre.'),
(1186, 748, 'Privilège exclusif.'),
(1187, 749, 'Qui prend naissance à l\'intérieur, est dû à une cause interne.'),
(1188, 750, 'Remise à plus tard d\'une décision qu\'il faudrait prendre sur le moment ; tergiversations.'),
(1189, 750, 'Délai accordé à un débiteur pour l\'exécution de ses engagements.'),
(1190, 751, 'Qui afflige, frappe douloureusement.'),
(1191, 751, 'Pénible en raison de sa médiocrité.'),
(1192, 752, 'Partie saillante d\'une surface inégale.'),
(1193, 753, 'Huer, manifester bruyamment et en groupe son désaccord.'),
(1194, 754, 'Fréquentations, relations douteuses au sein d\'un milieu.'),
(1195, 755, 'Qui a perdu beaucoup de sang.'),
(1196, 755, 'Qui est d\'une très grande pâleur ; livide.'),
(1197, 755, 'Qui est dépourvu de vie, de vigueur, de force.'),
(1198, 756, 'Caractère calme, imperturbable. Comportement d\'une personne impassible, maître d\'elle-même, au sang froid.'),
(1199, 756, 'Mucosité, lymphe, crachat, c\'est-à-dire liquide organique, que l\'on rejette en crachant.'),
(1200, 756, 'Produit toxique obtenu après une première distillation d\'un alcool.'),
(1201, 757, 'Moment d\'un film, d\'une œuvre littéraire où l\'action tient le spectateur, l\'auditeur ou le lecteur dans l\'attente angoissée de ce qui va se produire.'),
(1202, 757, 'Situation ou événement dont on attend la suite avec une inquiétude très vive.'),
(1203, 758, 'D\'une grâce enfantine et fade.'),
(1204, 759, 'Qui renferme la menace d\'une peine légale.'),
(1205, 759, 'Destiné à intimider.'),
(1206, 760, 'Manque d\'aptitude, d\'habileté.'),
(1207, 761, 'Demande par laquelle on sollicite une grâce, une faveur.'),
(1208, 762, 'État d\'une perssonne affaiblie intellectuellement du fait de l\'âge.'),
(1209, 763, 'Endroit dégarni d\'arbres (dans un bois, une forêt).'),
(1210, 764, 'Caractère de ce qui n\'est pas toxique, nocif.'),
(1211, 765, 'Actes de violence, sévices commis à l\'égard d\'une population.'),
(1212, 766, 'Mesurer la superficie d\'un terrain.'),
(1213, 766, 'Parcourir à grands pas un lieu.'),
(1214, 767, 'Qui convient au temps, aux lieux, aux circonstances, qui survient à propos.'),
(1215, 768, 'Algérien ayant servi les français pendant la Guerre d\'Algérie.'),
(1216, 769, 'Combattant algérien, marocain et tunisien, entré en lutte pour l\'indépendance de son pays entre 1952 et 1962 alors sous domination française.'),
(1217, 770, 'Valeurs éthiques d\'une personne, qui se manifestent à travers sa conduite.'),
(1218, 771, 'Qui parle beaucoup et vite.'),
(1219, 771, 'Se dit d\'une tige qui s\'enroule autour d\'un support.'),
(1220, 772, 'Qui est dépourvu de nationalité légale, qu\'aucun État ne considère comme son ressortissant.'),
(1221, 773, 'Qui se multiplie rapidement.'),
(1222, 774, 'Qui est tout-puissant, dont l\'autorité est absolue, sans limite.'),
(1223, 775, 'Science sociale qui étudie le comportement des différents peuples selon leurs origines, leur histoire, leur migration, leurs terres et leur mélange.'),
(1224, 776, 'Émission involontaire et inconsciente d\'urine.'),
(1225, 777, 'Voyage qui est fait dans un pays très lointain.'),
(1226, 777, 'Série de voyages multiples, difficiles (lorsque le terme est employé au pluriel).'),
(1227, 778, 'Fonctionnaire ayant une autorité judiciaire, civile ou politique.'),
(1228, 779, 'Recrutement annuel des soldats selon leur année de naissance.');

-- --------------------------------------------------------

--
-- Structure de la table `synonyms`
--

CREATE TABLE `synonyms` (
  `id` int(11) UNSIGNED NOT NULL,
  `word_id` int(11) NOT NULL,
  `definition_id` int(11) NOT NULL,
  `name` varchar(50) NOT NULL DEFAULT ''
) ENGINE=InnoDB DEFAULT CHARSET=utf8;

--
-- Déchargement des données de la table `synonyms`
--

INSERT INTO `synonyms` (`id`, `word_id`, `definition_id`, `name`) VALUES
(1, 1, 1, 'absurde'),
(2, 1, 1, 'insensé'),
(4, 1, 1, 'saugrenu'),
(5, 1, 1, 'illogique'),
(6, 1, 1, 'déraisonnable'),
(8, 1, 1, 'extravagant'),
(9, 1, 1, 'loufoque'),
(10, 2, 2, 'détester'),
(11, 2, 2, 'exécrer'),
(12, 3, 3, 'précipice'),
(13, 7, 10, 'grincheux'),
(14, 7, 10, 'hargneux'),
(15, 8, 11, 'acrimonieux'),
(16, 8, 11, 'caustique'),
(17, 10, 15, 'accepter'),
(18, 10, 15, 'opter'),
(19, 10, 15, 'assimiler'),
(20, 10, 15, 'embrasser'),
(21, 10, 16, 'élire'),
(22, 10, 16, 'voter'),
(23, 10, 16, 'ratifier'),
(24, 11, 17, 'accueillant'),
(25, 11, 17, 'aimable'),
(26, 12, 18, 'hébété'),
(27, 12, 18, 'éberlué'),
(28, 13, 19, 'amer'),
(29, 15, 22, 'asservissement'),
(30, 16, 24, 'enthousiasme'),
(31, 16, 24, 'liesse'),
(32, 19, 27, 'apaiser'),
(33, 19, 27, 'apprivoiser'),
(34, 21, 30, 'aspiration'),
(35, 21, 30, 'quête'),
(36, 21, 30, 'but'),
(37, 21, 30, 'idéal'),
(38, 21, 30, 'projet'),
(39, 24, 34, 'conflit'),
(40, 24, 34, 'opposition'),
(41, 24, 34, 'rivalité'),
(42, 28, 38, 'domestiquer'),
(43, 28, 38, 'dompter'),
(44, 28, 38, 'dresser'),
(45, 28, 38, 'habituer'),
(46, 28, 39, 'adoucir'),
(47, 28, 39, 'civiliser'),
(48, 28, 39, 'éduquer'),
(49, 28, 39, 'humaniser'),
(50, 28, 39, 'habituer'),
(51, 28, 39, 'assouplir'),
(52, 31, 45, 'afficher'),
(53, 31, 45, 'montrer'),
(54, 31, 45, 'étaler'),
(55, 31, 45, 'exhiber'),
(56, 31, 44, 'planter'),
(57, 31, 44, 'élever'),
(58, 31, 44, 'montrer'),
(59, 33, 47, 'affirmation'),
(60, 34, 48, 'bravoure'),
(61, 34, 48, 'hardiesse'),
(62, 34, 48, 'vaillance'),
(63, 34, 48, 'assurance'),
(64, 34, 48, 'aplomb'),
(65, 34, 48, 'courage'),
(66, 34, 48, 'aisance'),
(67, 35, 49, 'simple'),
(68, 35, 49, 'sobre'),
(69, 35, 49, 'froid'),
(70, 40, 57, 'détour'),
(71, 40, 58, 'diagonale'),
(72, 41, 59, 'altruisme'),
(73, 44, 63, 'câliner'),
(74, 44, 63, 'choyer'),
(75, 46, 65, 'enivrant'),
(76, 46, 65, 'excitant'),
(77, 49, 69, 'corrosif'),
(78, 53, 77, 'décent'),
(79, 53, 77, 'pudique'),
(80, 54, 78, 'avisé'),
(81, 54, 78, 'reservé'),
(82, 56, 80, 'burlesque'),
(83, 60, 84, 'rationnel'),
(84, 60, 84, 'compréhensible'),
(85, 62, 87, 'amabilité'),
(86, 62, 87, 'serviabilité'),
(87, 62, 88, 'sympathie'),
(88, 63, 89, 'accomodant'),
(89, 66, 92, 'supposition'),
(90, 66, 92, 'hypothèse'),
(91, 72, 100, 'capacité'),
(92, 72, 101, 'attitude'),
(93, 51, 73, 'attirance'),
(94, 75, 105, 'agacer'),
(95, 75, 105, 'irriter'),
(96, 76, 106, 'aimable'),
(97, 78, 108, 'candeur'),
(98, 78, 108, 'naïveté'),
(99, 83, 113, 'libertinage'),
(100, 83, 113, 'luxure'),
(101, 83, 113, 'dépravation'),
(102, 85, 116, 'chute'),
(103, 85, 116, 'effondrement'),
(104, 85, 116, 'descente'),
(105, 85, 116, 'détérioration'),
(106, 85, 116, 'diminution'),
(107, 85, 116, 'dégradation'),
(108, 85, 116, 'régression'),
(109, 87, 118, 'surprendre'),
(110, 87, 118, 'désorienter'),
(111, 87, 118, 'décontenancer'),
(112, 87, 118, 'embarasser'),
(113, 88, 119, 'hautain'),
(114, 88, 119, 'arrogance'),
(115, 88, 119, 'mépris'),
(116, 88, 119, 'condescendance'),
(117, 89, 120, 'égard'),
(118, 95, 128, 'nier'),
(119, 96, 129, 'altération'),
(120, 96, 129, 'corruption'),
(121, 96, 129, 'déchéance'),
(122, 96, 129, 'dégradation'),
(123, 97, 130, 'angoisse'),
(124, 97, 130, 'déroute'),
(125, 97, 130, 'détresse'),
(126, 97, 130, 'égarement'),
(127, 98, 131, 'détaché'),
(128, 98, 132, 'cavalier'),
(129, 98, 132, 'familier'),
(130, 98, 132, 'impertinent'),
(131, 98, 132, 'léger'),
(132, 99, 133, 'démodé'),
(133, 101, 136, 'pervertir'),
(134, 101, 136, 'vicier'),
(135, 101, 136, 'dépraver'),
(136, 102, 137, 'argumentation'),
(137, 102, 137, 'logique'),
(138, 103, 138, 'translucide'),
(139, 108, 144, 'calomnier'),
(140, 108, 144, 'discréditer'),
(141, 110, 146, 'cher'),
(142, 110, 146, 'coûteux'),
(143, 110, 146, 'onéreux'),
(144, 111, 147, 'rompre'),
(145, 111, 147, 'briser'),
(146, 111, 147, 'casser'),
(147, 112, 148, 'diluer'),
(148, 113, 149, 'enseignement'),
(149, 113, 149, 'pensée'),
(150, 113, 149, 'idéologie'),
(151, 113, 149, 'opinion'),
(152, 113, 149, 'théorie'),
(154, 113, 149, 'croyance'),
(155, 114, 151, 'certitude'),
(156, 116, 153, 'ébouillanter'),
(157, 119, 158, 'épouvante'),
(158, 119, 158, 'terreur'),
(159, 122, 162, 'louange'),
(160, 122, 162, 'apologie'),
(161, 122, 162, 'compliment'),
(162, 123, 163, 'plaidoyer'),
(163, 123, 163, 'célébration'),
(164, 123, 163, 'éloge'),
(165, 123, 163, 'dithyrambe'),
(166, 123, 163, 'défense'),
(167, 123, 163, 'glorification'),
(168, 125, 166, 'divagation'),
(169, 128, 169, 'ambiguïté'),
(170, 128, 170, 'incertitude'),
(171, 128, 170, 'quiproquo'),
(172, 128, 170, 'malentendu'),
(173, 132, 174, 'errant'),
(174, 132, 174, 'instable'),
(175, 133, 175, 'instruction'),
(176, 133, 175, 'savoir'),
(177, 133, 175, 'connaissance'),
(178, 134, 176, 'dérober'),
(179, 134, 176, 'subtiliser'),
(180, 134, 177, 'dérober'),
(181, 134, 177, 'subtiliser'),
(182, 135, 179, 'hermétique'),
(183, 135, 179, 'obscur'),
(184, 135, 179, 'abscons'),
(185, 135, 179, 'énigmatique'),
(186, 135, 179, 'mystérieux'),
(187, 139, 188, 'palliatif'),
(188, 143, 192, 'blague'),
(189, 143, 192, 'farce'),
(190, 143, 192, 'taquinerie'),
(191, 143, 193, 'blague'),
(192, 143, 193, 'farce'),
(193, 143, 193, 'taquinerie'),
(194, 144, 194, 'cocasse'),
(195, 144, 194, 'drôle'),
(196, 144, 194, 'comique'),
(197, 144, 194, 'farceur'),
(198, 145, 195, 'faux'),
(199, 145, 195, 'mensonger'),
(200, 145, 196, 'trompeur'),
(201, 145, 196, 'mensonger'),
(205, 147, 199, 'captiver'),
(206, 147, 199, 'éblouir'),
(207, 147, 199, 'enchanter'),
(208, 147, 199, 'séduire'),
(209, 147, 199, 'troubler'),
(210, 147, 200, 'charmer'),
(211, 147, 200, 'ensorceler'),
(212, 147, 200, 'envoûter'),
(213, 147, 201, 'hypnotiser'),
(214, 147, 201, 'charmer'),
(215, 147, 201, 'captiver'),
(216, 147, 201, 'éblouir'),
(217, 148, 202, 'dictature'),
(218, 148, 202, 'totalitarisme'),
(219, 149, 205, 'malédiction'),
(220, 149, 206, 'destin'),
(221, 154, 214, 'futile'),
(222, 155, 216, 'éphémère'),
(223, 155, 216, 'passager'),
(224, 155, 216, 'bref'),
(225, 155, 216, 'fugace'),
(226, 155, 216, 'rapide'),
(227, 155, 216, 'court'),
(228, 155, 217, 'évadé'),
(229, 156, 218, 'insignifiant'),
(230, 156, 219, 'frivole'),
(231, 156, 219, 'léger'),
(232, 156, 219, 'superficiel'),
(233, 163, 227, 'enivrer'),
(234, 163, 228, 'enflammer'),
(235, 163, 228, 'étourdir'),
(236, 163, 228, 'exalter'),
(237, 163, 228, 'enthousiasmer'),
(238, 163, 227, 'étourdir'),
(239, 164, 229, 'piège'),
(240, 165, 230, 'rigide'),
(241, 165, 230, 'pompeux'),
(242, 165, 230, 'pincé'),
(243, 168, 233, 'obsession'),
(244, 169, 234, 'exténué'),
(245, 169, 234, 'épuisé'),
(246, 172, 237, 'boucherie'),
(247, 172, 237, 'carnage'),
(248, 172, 237, 'tuerie'),
(249, 173, 238, 'épicurisme'),
(250, 175, 240, 'hétérogène'),
(251, 182, 247, 'effacé'),
(252, 182, 247, 'modeste'),
(253, 182, 248, 'pauvre'),
(254, 183, 249, 'modestie'),
(255, 183, 249, 'simplicité'),
(256, 183, 249, 'respect'),
(257, 185, 252, 'équivalence'),
(258, 185, 252, 'similitude'),
(259, 186, 253, 'doctrine'),
(260, 187, 254, 'honte'),
(261, 187, 254, 'opprobre'),
(262, 191, 259, 'calme'),
(263, 191, 259, 'froid'),
(264, 192, 260, 'autoritaire'),
(265, 192, 260, 'tyrannique'),
(266, 192, 261, 'irrésistible'),
(267, 192, 261, 'pressant'),
(268, 194, 264, 'ardent'),
(269, 194, 264, 'fougueux'),
(270, 194, 265, 'fougueux'),
(271, 194, 265, 'ardent'),
(272, 195, 266, 'futilité'),
(273, 195, 266, 'inutilité'),
(274, 199, 270, 'laisser-aller'),
(275, 199, 270, 'négligence'),
(276, 200, 271, 'charger'),
(277, 200, 271, 'inculper'),
(278, 200, 271, 'blâmer'),
(279, 201, 272, 'incongru'),
(280, 201, 272, 'inconvenant'),
(281, 201, 272, 'déplacé'),
(282, 201, 272, 'incorrect'),
(283, 201, 272, 'insolent'),
(284, 201, 272, 'impudique'),
(285, 201, 272, 'impoli'),
(286, 201, 272, 'grivois'),
(287, 203, 275, 'nécessiteux'),
(288, 203, 275, 'miséreux'),
(289, 203, 275, 'pauvre'),
(290, 203, 275, 'gueux'),
(291, 205, 277, 'candeur'),
(292, 205, 277, 'innocence'),
(293, 209, 281, 'inflexible'),
(294, 209, 281, 'intraitable'),
(295, 209, 281, 'irréductible'),
(296, 210, 282, 'courageux'),
(297, 211, 284, 'hypocrite'),
(298, 211, 284, 'fallacieux'),
(299, 212, 286, 'sous-entendre'),
(300, 212, 286, 'suggérer'),
(301, 218, 293, 'traînard'),
(302, 220, 297, 'laconique'),
(303, 225, 307, 'blafard'),
(304, 225, 307, 'blême'),
(305, 225, 307, 'pâle'),
(306, 225, 307, 'hâve'),
(307, 227, 309, 'compliment'),
(308, 227, 309, 'félicitation'),
(309, 227, 309, 'éloge'),
(310, 230, 314, 'lascif'),
(311, 230, 314, 'libidineux'),
(312, 230, 314, 'salace'),
(313, 230, 314, 'graveleux'),
(314, 231, 315, 'clairvoyant'),
(315, 231, 315, 'perspicace'),
(316, 231, 316, 'conscient'),
(317, 231, 316, 'sensé'),
(318, 232, 317, 'façonnable'),
(319, 232, 318, 'influençable'),
(320, 233, 319, 'comploter'),
(321, 233, 319, 'conspirer'),
(322, 233, 319, 'machiner'),
(323, 234, 320, 'bonté'),
(324, 234, 320, 'indulgence'),
(326, 236, 322, 'espiègle'),
(327, 238, 326, 'grincheux'),
(328, 238, 326, 'grognon'),
(329, 238, 326, 'morose'),
(330, 238, 327, 'ennuyeux'),
(331, 238, 327, 'insipide'),
(332, 238, 327, 'morne'),
(333, 238, 327, 'terne'),
(334, 238, 327, 'trise'),
(335, 240, 329, 'spleen'),
(336, 240, 329, 'chagrin'),
(337, 240, 329, 'déprime'),
(338, 241, 330, 'indifférence'),
(339, 241, 331, 'dédain'),
(340, 241, 331, 'dégoût'),
(341, 243, 333, 'butte'),
(342, 243, 333, 'bosse'),
(343, 243, 333, 'tas'),
(344, 243, 333, 'colline'),
(345, 246, 338, 'insociable'),
(346, 249, 341, 'brumeux'),
(347, 249, 341, 'nuageux'),
(348, 249, 342, 'vaporeux'),
(349, 251, 344, 'nigaud'),
(350, 251, 344, 'simplet'),
(351, 252, 345, 'aplanir'),
(352, 252, 345, 'égaliser'),
(353, 255, 348, 'indécent'),
(354, 255, 348, 'vulgaire'),
(355, 255, 348, 'cru'),
(356, 255, 348, 'blessant'),
(357, 255, 348, 'offensant'),
(358, 255, 348, 'ordurier'),
(359, 258, 352, 'choquer'),
(360, 258, 352, 'offenser'),
(361, 258, 352, 'piquer'),
(362, 258, 352, 'vexer'),
(363, 259, 353, 'imaginaire'),
(364, 261, 355, 'acharné'),
(365, 261, 355, 'obstiné'),
(366, 261, 355, 'persévérant'),
(367, 266, 364, 'acide'),
(368, 266, 364, 'âpre'),
(369, 266, 364, 'aigre'),
(370, 266, 364, 'amer'),
(371, 267, 366, 'situation'),
(372, 267, 366, 'environnement'),
(373, 268, 367, 'désoeuvré'),
(374, 268, 367, 'inactif'),
(375, 268, 367, 'inoccupé'),
(376, 269, 369, 'brute'),
(377, 269, 369, 'goujat'),
(378, 269, 369, 'malotru'),
(380, 270, 370, 'paix'),
(381, 270, 370, 'calme'),
(382, 270, 370, 'quiétude'),
(383, 270, 370, 'tranquilité'),
(384, 222, 301, 'épuisement'),
(385, 273, 375, 'fossiliser'),
(386, 273, 375, 'incruster'),
(387, 273, 376, 'clouer'),
(388, 273, 376, 'figer'),
(389, 273, 376, 'méduser'),
(390, 273, 376, 'paralyser'),
(391, 273, 376, 'sidérer'),
(392, 274, 377, 'déguster'),
(393, 274, 377, 'goûter'),
(394, 274, 377, 'savourer'),
(395, 274, 377, 'régaler'),
(396, 274, 377, 'réjouir'),
(397, 275, 378, 'sanctifier'),
(398, 275, 378, 'béatifier'),
(399, 282, 388, 'abstrus'),
(400, 282, 388, 'obscur'),
(401, 282, 388, 'confus'),
(402, 282, 388, 'ésotérique'),
(403, 282, 388, 'abstrait'),
(404, 282, 388, 'énigmatique'),
(405, 283, 389, 'bon'),
(406, 283, 389, 'hygiénique'),
(407, 283, 389, 'saint'),
(408, 283, 389, 'salubre'),
(409, 283, 390, 'bienfaisant'),
(410, 283, 390, 'fructueux'),
(411, 283, 390, 'profitable'),
(412, 284, 391, 'malsain'),
(413, 284, 391, 'morbide'),
(414, 284, 391, 'mortel'),
(415, 284, 391, 'nocif'),
(416, 284, 391, 'nuisible'),
(417, 285, 394, 'condensé'),
(418, 285, 395, 'attentif'),
(419, 285, 395, 'appliqué'),
(420, 286, 396, 'résistance'),
(421, 286, 396, 'endurance'),
(422, 286, 398, 'résistance'),
(423, 286, 398, 'robustesse'),
(424, 286, 398, 'solidité'),
(425, 287, 399, 'fougeux'),
(426, 287, 399, 'expansif'),
(427, 287, 399, 'déchaîné'),
(428, 288, 400, 'maladif'),
(429, 288, 400, 'morbide'),
(430, 290, 403, 'nier'),
(431, 290, 403, 'renier'),
(432, 292, 408, 'expédient'),
(434, 293, 409, 'stupéfait'),
(435, 293, 409, 'interdit'),
(436, 293, 409, 'ébahit'),
(437, 293, 409, 'coi'),
(438, 293, 409, 'interloqué'),
(439, 293, 409, 'abasourdi'),
(440, 293, 409, 'estomaqué'),
(441, 293, 409, 'ahuri'),
(442, 297, 413, 'poignant'),
(443, 297, 413, 'dramatique'),
(444, 297, 413, 'émouvant'),
(445, 297, 413, 'saisissant'),
(446, 297, 413, 'bouleversant'),
(447, 297, 413, 'vibrant'),
(448, 297, 413, 'tragique'),
(449, 297, 413, 'touchant'),
(450, 297, 413, 'prenant'),
(451, 298, 414, 'inquiétant'),
(452, 298, 414, 'sinistre'),
(453, 301, 417, 'embarassé'),
(454, 301, 417, 'pantois'),
(455, 301, 417, 'honteux'),
(456, 301, 417, 'confus'),
(457, 301, 417, 'gêné'),
(458, 303, 419, 'décisif'),
(459, 303, 419, 'tranchant'),
(460, 303, 419, 'impérieux'),
(461, 303, 420, 'décisif'),
(462, 303, 420, 'impérieux'),
(463, 303, 420, 'tranchant'),
(464, 305, 422, 'déloyal'),
(465, 306, 424, 'inquiet'),
(466, 306, 424, 'indécis'),
(467, 308, 428, 'éveillé'),
(468, 308, 428, 'avisé'),
(469, 308, 428, 'subtil'),
(470, 308, 428, 'intélligent'),
(471, 309, 429, 'malfaisant'),
(472, 309, 430, 'dépravé'),
(473, 309, 430, 'dévoyé'),
(474, 309, 430, 'vicieux'),
(475, 312, 435, 'compassion'),
(476, 312, 435, 'commisération'),
(477, 314, 439, 'paisible'),
(478, 319, 446, 'discussion'),
(479, 319, 446, 'querelle'),
(480, 319, 446, 'dispute'),
(481, 321, 449, 'prétentieux'),
(482, 321, 449, 'vaniteux'),
(483, 321, 449, 'orgueilleux'),
(484, 321, 449, 'suffisant'),
(485, 322, 450, 'intégrité'),
(486, 324, 452, 'enfantin'),
(487, 324, 452, 'infantile'),
(488, 325, 453, 'rigoriste'),
(489, 325, 453, 'spartiate'),
(490, 325, 453, 'intransigeant'),
(491, 325, 453, 'sévère'),
(492, 325, 453, 'rigide'),
(493, 327, 455, 'vanter'),
(494, 327, 455, 'louer'),
(495, 327, 455, 'enseigner'),
(496, 327, 455, 'annoncer'),
(497, 328, 457, 'hypothèse'),
(498, 328, 457, 'base'),
(499, 328, 457, 'démonstration'),
(500, 328, 457, 'début'),
(501, 328, 457, 'principe'),
(502, 328, 457, 'commencement'),
(503, 329, 458, 'dégrader'),
(504, 329, 459, 'dégrader'),
(505, 330, 460, 'paysan'),
(506, 330, 460, 'salarié'),
(507, 330, 460, 'travailleur'),
(508, 330, 460, 'ouvrier'),
(509, 331, 461, 'partisan'),
(510, 331, 461, 'disciple'),
(511, 331, 461, 'fidèle'),
(512, 331, 461, 'converti'),
(513, 332, 463, 'novice'),
(514, 332, 463, 'prosélyte'),
(515, 331, 461, 'néophyte'),
(516, 333, 464, 'rythmique'),
(517, 333, 464, 'versification'),
(518, 333, 464, 'métrique'),
(519, 336, 467, 'abaisser'),
(520, 336, 467, 'rabattre'),
(521, 336, 467, 'ravaler'),
(522, 336, 468, 'déprécier'),
(523, 336, 468, 'dénigrer'),
(524, 338, 470, 'rancoeur'),
(525, 338, 470, 'ressentiment'),
(526, 339, 471, 'cérémonie'),
(527, 339, 471, 'réunion'),
(528, 339, 471, 'soirée'),
(529, 340, 472, 'réhabilitation'),
(530, 340, 472, 'salut'),
(531, 342, 476, 'remords'),
(532, 344, 480, 'regret'),
(533, 345, 481, 'inimitié'),
(534, 345, 481, 'rancoeur'),
(535, 345, 481, 'aigreur'),
(536, 345, 481, 'animosité'),
(537, 345, 481, 'colère'),
(538, 348, 484, 'coutume'),
(539, 348, 484, 'habitude'),
(540, 348, 485, 'cérémonie'),
(541, 351, 488, 'discrimination'),
(542, 352, 489, 'prêche'),
(543, 352, 490, 'remontrance'),
(544, 352, 490, 'morale'),
(545, 354, 493, 'dur'),
(546, 354, 493, 'rude'),
(547, 354, 493, 'intransigeant'),
(548, 354, 494, 'austère'),
(549, 354, 494, 'rigide'),
(550, 354, 495, 'simple'),
(551, 354, 495, 'sobre'),
(552, 354, 497, 'intense'),
(553, 354, 497, 'cruel'),
(554, 354, 497, 'sérieux'),
(555, 357, 500, 'uni'),
(556, 357, 500, 'associé'),
(557, 357, 500, 'lié'),
(558, 357, 501, 'lié'),
(559, 357, 501, 'dépendant'),
(560, 358, 502, 'entraide'),
(561, 358, 502, 'coopération'),
(562, 358, 502, 'fraternité'),
(563, 361, 505, 'hypocrite'),
(564, 361, 505, 'dissimulé'),
(565, 361, 505, 'faux'),
(566, 361, 505, 'caché'),
(567, 367, 513, 'filiale'),
(568, 367, 513, 'annexe'),
(569, 370, 517, 'morose'),
(570, 370, 517, 'sombre'),
(571, 370, 518, 'morose'),
(572, 370, 518, 'sombre'),
(573, 371, 519, 'audace'),
(574, 371, 519, 'hardiesse'),
(575, 372, 522, 'persévérance'),
(576, 372, 522, 'obstination'),
(577, 372, 522, 'entêtement'),
(578, 375, 526, 'fascisme'),
(579, 375, 526, 'dictature'),
(580, 375, 526, 'autoritarisme'),
(581, 377, 529, 'glacé'),
(582, 377, 529, 'figé'),
(583, 377, 529, 'engourdi'),
(584, 377, 529, 'pétrifié'),
(585, 377, 529, 'gelé'),
(586, 377, 529, 'saisi'),
(587, 377, 529, 'tremblant'),
(588, 378, 531, 's\'arranger'),
(589, 378, 531, 's\'entendre'),
(590, 378, 531, 's\'accorder'),
(591, 378, 531, 'composer'),
(592, 378, 531, 'négocier'),
(593, 378, 532, 'céder'),
(594, 378, 532, 'capituler'),
(595, 378, 532, 'faiblir'),
(596, 382, 538, 'raccourcir'),
(597, 382, 538, 'diminuer'),
(598, 382, 538, 'amputer'),
(599, 382, 538, 'réduire'),
(600, 384, 540, 'chanceler'),
(601, 387, 548, 'prétention'),
(602, 387, 548, 'suffisance'),
(603, 388, 550, 'cupide'),
(604, 392, 558, 'impudique'),
(605, 392, 558, 'libidineux'),
(606, 392, 558, 'lascif'),
(607, 392, 558, 'lubrique'),
(608, 392, 558, 'salace'),
(609, 393, 562, 'hasards'),
(610, 393, 562, 'aléas'),
(611, 393, 562, 'tribulations'),
(612, 394, 563, 'rancunier'),
(613, 396, 567, 'glouton'),
(614, 396, 567, 'goinfre'),
(615, 397, 569, 'fragile'),
(616, 401, 580, 'antichambre'),
(617, 401, 580, 'entrée'),
(618, 167, 232, 'troublé'),
(619, 167, 232, 'effaré'),
(620, 167, 232, 'terrifié'),
(621, 167, 232, 'saisi'),
(622, 405, 585, 'délectable'),
(623, 405, 585, 'délicieux'),
(624, 405, 585, 'exquis'),
(625, 405, 585, 'harmonieux'),
(626, 405, 585, 'mélodieux'),
(627, 405, 585, 'enchanteur'),
(628, 407, 589, 'érotique'),
(629, 407, 589, 'libidineux'),
(630, 407, 589, 'lubrique'),
(631, 407, 589, 'sensuel'),
(632, 407, 589, 'voluptueux'),
(633, 410, 592, 'concupiscence'),
(634, 410, 592, 'dépravation'),
(635, 410, 592, 'lascivité'),
(636, 410, 592, 'lubricité'),
(637, 410, 592, 'paillardise'),
(638, 410, 592, 'salacité'),
(639, 412, 595, 'éloquence'),
(640, 412, 595, 'loquacité'),
(641, 412, 595, 'verbosité'),
(642, 415, 600, 'oisif'),
(643, 416, 601, 'démodé'),
(644, 416, 601, 'désuet'),
(645, 416, 601, 'obsolète'),
(646, 416, 601, 'vieillot'),
(647, 417, 602, 'immortaliser'),
(648, 417, 602, 'transmettre'),
(649, 417, 602, 'éterniser'),
(650, 417, 602, 'maintenir'),
(651, 418, 603, 'lacunaire'),
(652, 424, 614, 'bandit'),
(653, 424, 614, 'criminel'),
(654, 424, 614, 'coupable'),
(655, 424, 614, 'traître'),
(656, 424, 614, 'truand'),
(657, 425, 616, 'hostilité'),
(658, 425, 616, 'malveillance'),
(659, 425, 616, 'ressentiment'),
(660, 425, 616, 'antipathie'),
(661, 428, 620, 'besogneux'),
(662, 434, 631, 'froisser'),
(663, 434, 631, 'humilier'),
(664, 434, 631, 'offenser'),
(665, 435, 632, 'déraisonnable'),
(666, 435, 632, 'inepte'),
(667, 435, 632, 'insensé'),
(668, 438, 644, 'heureux'),
(669, 438, 644, 'opportun'),
(670, 439, 646, 'sort'),
(671, 439, 646, 'destin'),
(672, 440, 647, 'affaire'),
(673, 440, 647, 'transaction'),
(674, 440, 648, 'raisonnement'),
(675, 440, 648, 'supputation'),
(676, 442, 650, 'auguste'),
(677, 442, 650, 'grandiose'),
(678, 442, 650, 'imposant'),
(679, 442, 650, 'majestieux'),
(680, 442, 650, 'pompeux'),
(681, 442, 651, 'digne'),
(682, 442, 651, 'grave'),
(683, 442, 651, 'guindé'),
(684, 442, 651, 'prudhommesque'),
(685, 442, 652, 'cérémonieux'),
(686, 442, 652, 'compassé'),
(687, 442, 652, 'pontifiant'),
(688, 444, 654, 'éraillé'),
(689, 444, 654, 'guttural'),
(690, 445, 655, 'fausseté'),
(691, 445, 655, 'hypocrisie'),
(692, 447, 658, 'adroit'),
(693, 447, 658, 'fin'),
(694, 447, 658, 'perspicace'),
(695, 447, 659, 'ingénieux'),
(696, 449, 661, 'intermittent'),
(697, 449, 661, 'discontinu'),
(698, 449, 661, 'entrecoupé'),
(699, 449, 661, 'haché'),
(700, 451, 663, 'geindre'),
(701, 458, 675, 'déterminé'),
(702, 458, 675, 'décidé'),
(703, 468, 694, 'élan'),
(704, 468, 694, 'emportement'),
(705, 468, 694, 'enthousiasme'),
(706, 470, 699, 'bienveillance'),
(707, 470, 699, 'altruisme'),
(708, 470, 700, 'secours'),
(709, 470, 700, 'aide'),
(710, 470, 700, 'don'),
(711, 474, 704, 'singerie'),
(712, 474, 704, 'mimique'),
(713, 474, 704, 'mine'),
(714, 474, 704, 'contorsion'),
(715, 476, 708, 'charme'),
(716, 476, 708, 'séduction'),
(717, 476, 708, 'attrait'),
(718, 476, 708, 'réputation'),
(719, 479, 711, 'nuisible'),
(720, 481, 715, 'compassion'),
(721, 481, 715, 'miséricorde'),
(722, 482, 716, 'divination'),
(723, 482, 716, 'anticipation'),
(724, 482, 716, 'prévision'),
(725, 482, 716, 'présage'),
(727, 484, 719, 'prétentieux'),
(728, 484, 719, 'orgueilleux'),
(729, 484, 719, 'vaniteux'),
(730, 485, 720, 'imberbe'),
(731, 485, 720, 'lisse'),
(732, 485, 720, 'nu'),
(733, 486, 721, 'autocrate'),
(734, 486, 721, 'despote'),
(735, 487, 722, 'tyran'),
(736, 487, 722, 'dictateur'),
(737, 488, 723, 'agacer'),
(738, 488, 723, 'exaspérer'),
(739, 488, 723, 'excéder'),
(740, 488, 723, 'indigner'),
(741, 488, 723, 'insupporter'),
(742, 488, 723, 'horripiler'),
(743, 488, 723, 'attiser'),
(744, 488, 723, 'contrarier'),
(745, 488, 723, 'exciter'),
(746, 488, 724, 'brûler'),
(747, 488, 724, 'démanger'),
(748, 489, 725, 'irritable'),
(749, 489, 725, 'coléreux'),
(750, 491, 729, 'adéquat'),
(751, 491, 729, 'idoine'),
(752, 491, 729, 'apte'),
(753, 491, 729, 'pertinent'),
(754, 491, 729, 'approprié'),
(755, 492, 730, 'adéquat'),
(756, 495, 736, 'sursauter'),
(757, 495, 736, 'bondir'),
(758, 503, 747, 'bonnes moeurs'),
(759, 503, 747, 'honnêteté'),
(760, 503, 747, 'probité'),
(761, 503, 747, 'vertu'),
(762, 504, 751, 'droiture'),
(763, 504, 751, 'honnêteté'),
(764, 504, 751, 'loyauté'),
(765, 504, 751, 'intégrité'),
(767, 510, 761, 'enterrement'),
(768, 510, 761, 'obsèques'),
(769, 511, 762, 'ignoble'),
(770, 511, 762, 'révoltant'),
(771, 511, 762, 'atroce'),
(772, 511, 762, 'exécrable'),
(773, 511, 763, 'insupportable'),
(774, 511, 763, 'détestable'),
(775, 511, 763, 'grossier'),
(776, 511, 763, 'méchant'),
(777, 511, 763, 'exécrable'),
(778, 512, 764, 'accoutrer'),
(779, 512, 764, 'fagoter'),
(780, 513, 765, 'prétention'),
(781, 513, 765, 'suffisance'),
(782, 514, 766, 'déformer'),
(783, 514, 766, 'fausser'),
(784, 514, 767, 'diffamer'),
(785, 520, 774, 'catastrophe'),
(786, 526, 785, 'méchanceté'),
(787, 526, 785, 'noirceur'),
(788, 530, 794, 'atermoyer'),
(789, 530, 794, 'hésiter'),
(790, 530, 794, 'louvoyer'),
(791, 530, 794, 'temporiser'),
(792, 536, 805, 'intelligence'),
(793, 536, 805, 'savoir-faire'),
(794, 536, 805, 'habileté'),
(795, 536, 805, 'talent'),
(796, 537, 806, 'agilité'),
(797, 537, 806, 'souplesse'),
(798, 537, 806, 'dextérité'),
(799, 537, 807, 'esprit'),
(800, 537, 807, 'intelligence'),
(801, 537, 807, 'capacité'),
(802, 537, 807, 'doigté'),
(803, 537, 807, 'ruse'),
(804, 537, 807, 'délicatesse'),
(805, 537, 807, 'finesse'),
(806, 537, 807, 'astuce'),
(807, 537, 807, 'aptitude'),
(808, 537, 807, 'subtilité'),
(809, 537, 807, 'tact'),
(810, 538, 809, 'adroit'),
(811, 538, 809, 'astucieux'),
(812, 538, 809, 'habile'),
(813, 538, 809, 'inventif'),
(814, 538, 809, 'imaginatif'),
(815, 540, 813, 'songe'),
(816, 540, 815, 'souhait'),
(817, 540, 815, 'idée'),
(818, 540, 815, 'désir'),
(819, 540, 815, 'aspiration'),
(820, 540, 815, 'ambition'),
(821, 540, 815, 'fiction'),
(822, 545, 824, 'érudition'),
(823, 545, 824, 'éducation'),
(824, 545, 824, 'instruction'),
(825, 545, 824, 'savoir'),
(826, 547, 830, 'nauséeux'),
(827, 547, 830, 'nauséabond'),
(828, 547, 831, 'dégoûtant'),
(829, 547, 831, 'rebutant'),
(830, 547, 831, 'repoussant'),
(831, 548, 833, 'étourdissement'),
(832, 549, 834, 'encourager'),
(833, 549, 834, 'exciter'),
(834, 549, 834, 'motiver'),
(835, 549, 834, 'tonifier'),
(836, 549, 834, 'pousser'),
(837, 549, 835, 'doper'),
(838, 549, 835, 'exciter'),
(839, 549, 835, 'revigorer'),
(840, 549, 835, 'tonifier'),
(841, 549, 835, 'vivifier'),
(842, 559, 864, 'égards'),
(843, 559, 864, 'respect'),
(844, 559, 864, 'approbation'),
(845, 559, 864, 'considération'),
(846, 560, 865, 'exceptionnel'),
(847, 560, 865, 'incomparable'),
(848, 560, 865, 'remarquable'),
(849, 560, 865, 'extraordinaire'),
(851, 563, 872, 'acidité'),
(852, 563, 873, 'brûlure'),
(853, 563, 874, 'acrimonie'),
(854, 563, 874, 'amertume'),
(855, 563, 874, 'animosité'),
(856, 569, 886, 'chimérique'),
(857, 569, 886, 'irréel'),
(858, 569, 886, 'fabuleux'),
(859, 569, 886, 'féérique'),
(860, 569, 886, 'magique'),
(861, 569, 886, 'surnaturel'),
(862, 569, 887, 'merveilleux'),
(863, 569, 887, 'grandiose'),
(864, 569, 887, 'formidable'),
(865, 569, 887, 'prodigieux'),
(866, 569, 887, 'extraordinaire'),
(867, 569, 887, 'stupéfiant'),
(868, 570, 889, 'caprice'),
(869, 570, 889, 'désir'),
(870, 570, 889, 'envie'),
(871, 571, 892, 'sordide'),
(872, 571, 892, 'lugubre'),
(873, 577, 899, 'maladif'),
(874, 581, 909, 'consistant'),
(875, 581, 909, 'riche'),
(876, 581, 909, 'copieux'),
(877, 581, 910, 'important'),
(878, 581, 910, 'primordial'),
(879, 582, 912, 'capitaliser'),
(880, 582, 912, 'économiser'),
(881, 582, 912, 'épargner'),
(882, 583, 914, 'ancien'),
(883, 583, 914, 'antique'),
(884, 583, 914, 'ancestral'),
(885, 586, 922, 'autochtone'),
(886, 586, 922, 'indigène'),
(887, 586, 922, 'natif'),
(888, 588, 924, 'clan'),
(889, 588, 924, 'division'),
(890, 588, 924, 'ordre'),
(891, 588, 924, 'rang'),
(892, 588, 925, 'clan'),
(893, 589, 927, 'boiteux'),
(894, 589, 927, 'blessé'),
(895, 589, 927, 'estropié'),
(896, 590, 928, 'effacer'),
(897, 590, 928, 'anéantir'),
(898, 590, 929, 'accabler'),
(899, 590, 929, 'abattre'),
(900, 590, 929, 'briser'),
(901, 590, 929, 'neutraliser'),
(902, 597, 938, 'émeute'),
(903, 597, 938, 'révolte'),
(904, 597, 938, 'émeute'),
(905, 597, 938, 'révolution'),
(906, 597, 938, 'mutinerie'),
(907, 597, 938, 'rébellion'),
(908, 598, 939, 'écraser'),
(909, 598, 939, 'asservir'),
(910, 598, 939, 'tyraniser'),
(911, 598, 939, 'baîllonner'),
(912, 598, 939, 'enchaîner'),
(913, 598, 939, 'museler'),
(914, 598, 940, 'tyraniser'),
(915, 598, 940, 'accabler'),
(916, 599, 941, 'captiver'),
(917, 599, 941, 'charmer'),
(918, 599, 941, 'émerveiller'),
(919, 599, 941, 'enchanter'),
(920, 599, 941, 'impressionner'),
(921, 599, 941, 'fasciner'),
(922, 603, 946, 'permanent'),
(923, 604, 947, 'dévaster'),
(924, 604, 947, 'ravager'),
(925, 604, 947, 'saccager'),
(926, 607, 953, 'jubiler'),
(927, 609, 955, 'abattre'),
(928, 609, 955, 'charger'),
(929, 609, 955, 'opprimer'),
(930, 609, 955, 'démoraliser'),
(931, 609, 955, 'assomer'),
(932, 609, 955, 'fatiguer'),
(933, 609, 956, 'condamner'),
(934, 609, 956, 'confondre'),
(935, 610, 958, 'accabler'),
(936, 610, 958, 'démasquer'),
(937, 610, 959, 'étonner'),
(938, 610, 959, 'décontenancer'),
(939, 610, 959, 'troubler'),
(940, 610, 959, 'ahurir'),
(941, 610, 959, 'stupéfier'),
(942, 610, 959, 'surprendre'),
(943, 611, 960, 'embarasser'),
(944, 611, 960, 'bouleverser'),
(945, 611, 960, 'désarçonner'),
(946, 611, 960, 'désorienter'),
(947, 611, 960, 'déconcerter'),
(948, 611, 960, 'troubler'),
(949, 612, 961, 'agiter'),
(950, 612, 961, 'bousculer'),
(951, 612, 961, 'désorganiser'),
(952, 612, 961, 'dérégler'),
(953, 612, 961, 'renverser'),
(954, 612, 962, 'renverser'),
(955, 612, 962, 'changer'),
(956, 612, 962, 'révolutionner'),
(957, 612, 962, 'renouveler'),
(958, 612, 963, 'émouvoir'),
(959, 612, 963, 'perturber'),
(960, 612, 963, 'déconcerter'),
(961, 612, 963, 'troubler'),
(962, 613, 964, 'effervescence'),
(963, 613, 964, 'frénésie'),
(964, 613, 964, 'excitation'),
(965, 615, 968, 'impétuosité'),
(966, 615, 968, 'violence'),
(967, 615, 968, 'animosité'),
(968, 615, 968, 'ardeur'),
(969, 616, 973, 'personnel'),
(970, 617, 974, 'notifier'),
(971, 618, 975, 'indicible'),
(972, 618, 975, 'inexprimable'),
(973, 622, 982, 'dégrader'),
(974, 622, 982, 'déprécier'),
(975, 622, 982, 'profaner'),
(976, 622, 982, 'souiller'),
(977, 627, 988, 'arbitrage'),
(978, 627, 988, 'conciliation'),
(979, 627, 988, 'médiateur'),
(980, 630, 994, 'divagation'),
(981, 630, 994, 'démence'),
(982, 630, 994, 'folie'),
(983, 630, 995, 'hystérie'),
(984, 630, 995, 'transe'),
(986, 631, 996, 'prédominance'),
(987, 631, 996, 'prépondérance'),
(988, 631, 996, 'primauté'),
(989, 631, 996, 'suprématie'),
(990, 632, 998, 'voiler'),
(991, 632, 999, 'adoucir'),
(992, 632, 999, 'atténuer'),
(993, 632, 999, 'voiler'),
(994, 635, 1002, 'capacité'),
(995, 635, 1002, 'savoir-faire'),
(996, 635, 1002, 'aptitude'),
(997, 635, 1002, 'art'),
(998, 635, 1002, 'qualification'),
(999, 635, 1002, 'qualité'),
(1000, 635, 1003, 'capacité'),
(1001, 635, 1003, 'ressort'),
(1002, 635, 1003, 'attribution'),
(1003, 635, 1003, 'autorité'),
(1004, 635, 1003, 'pouvoir'),
(1005, 636, 1006, 'capacité'),
(1006, 636, 1006, 'compétence'),
(1007, 636, 1006, 'faculté'),
(1008, 641, 1012, 'droiture'),
(1009, 641, 1012, 'équité'),
(1010, 641, 1012, 'impartialité'),
(1011, 641, 1012, 'intégrité'),
(1012, 641, 1011, 'légalité'),
(1013, 641, 1011, 'loi'),
(1014, 642, 1014, 'émeutier'),
(1015, 642, 1014, 'rebelle'),
(1016, 642, 1015, 'provocateur'),
(1017, 642, 1015, 'perturbateur'),
(1018, 643, 1016, 'soulèvement'),
(1019, 643, 1016, 'indiscipline'),
(1020, 643, 1016, 'insoumission'),
(1021, 643, 1016, 'insurrection'),
(1022, 643, 1016, 'révolte'),
(1023, 643, 1016, 'mutinerie'),
(1024, 643, 1016, 'rébellion'),
(1025, 646, 1022, 'joug'),
(1026, 646, 1022, 'gaine'),
(1027, 646, 1023, 'asservissement'),
(1028, 646, 1023, 'assujettissement'),
(1029, 647, 1024, 'joug'),
(1030, 647, 1024, 'domestication'),
(1031, 647, 1024, 'domination'),
(1032, 647, 1024, 'oppression'),
(1033, 647, 1024, 'assujettissement'),
(1034, 647, 1024, 'esclavage'),
(1035, 647, 1025, 'soumission'),
(1036, 647, 1025, 'servitude'),
(1037, 647, 1025, 'assujettissement'),
(1038, 647, 1025, 'dépendance'),
(1039, 647, 1025, 'sujétion'),
(1041, 649, 1027, 'admirable'),
(1042, 649, 1027, 'splendide'),
(1043, 649, 1027, 'merveilleux'),
(1044, 649, 1027, 'idéal'),
(1045, 649, 1027, 'beau'),
(1046, 649, 1027, 'grandiose'),
(1047, 649, 1027, 'magnifique'),
(1048, 649, 1027, 'superbe'),
(1049, 649, 1027, 'suprême'),
(1050, 654, 1034, 'indolent'),
(1051, 654, 1034, 'inerte'),
(1052, 654, 1034, 'inexpressif'),
(1053, 654, 1034, 'passif'),
(1054, 654, 1034, 'mou'),
(1055, 654, 1034, 'amorphe'),
(1056, 654, 1035, 'inaccentué'),
(1057, 657, 1039, 'emballer'),
(1058, 657, 1039, 'traiter'),
(1059, 657, 1041, 'influencer'),
(1060, 659, 1047, 'prolonger'),
(1061, 660, 1048, 'sécession'),
(1062, 660, 1048, 'insoumission'),
(1063, 660, 1048, 'insurrection'),
(1064, 660, 1048, 'rupture'),
(1065, 660, 1048, 'schisme'),
(1066, 660, 1048, 'scission'),
(1067, 660, 1048, 'opposition'),
(1068, 660, 1048, 'révolte'),
(1069, 660, 1048, 'rébellion'),
(1070, 662, 1050, 'additif'),
(1071, 662, 1050, 'stimulant'),
(1072, 662, 1050, 'auxiliaire'),
(1073, 665, 1055, 'dépendance'),
(1074, 665, 1055, 'annexe'),
(1075, 665, 1055, 'prolongement'),
(1076, 665, 1055, 'allongement'),
(1077, 665, 1055, 'complément'),
(1078, 665, 1055, 'extrémité'),
(1079, 665, 1057, 'addition'),
(1080, 665, 1057, 'annexe'),
(1081, 665, 1057, 'supplément'),
(1082, 665, 1057, 'addenda'),
(1083, 666, 1058, 'florilège'),
(1084, 671, 1064, 'spectre'),
(1085, 674, 1068, 'fantôme'),
(1086, 674, 1068, 'revenant'),
(1087, 675, 1072, 'déductif'),
(1088, 675, 1072, 'logique'),
(1089, 680, 1083, 'sérénité'),
(1090, 680, 1083, 'impassibilité'),
(1091, 686, 1092, 'hypothèse'),
(1092, 686, 1093, 'conception'),
(1093, 686, 1093, 'doctrine'),
(1094, 686, 1093, 'dogme'),
(1095, 686, 1093, 'système'),
(1096, 687, 1094, 'caché'),
(1097, 687, 1094, 'larvé'),
(1098, 687, 1094, 'masqué'),
(1099, 688, 1095, 'flagrant'),
(1100, 688, 1095, 'incontestable'),
(1101, 688, 1095, 'indéniable'),
(1102, 688, 1095, 'notoire'),
(1103, 691, 1099, 'affliction'),
(1104, 691, 1099, 'soucis'),
(1105, 691, 1099, 'peine'),
(1106, 691, 1099, 'inquiétude'),
(1107, 691, 1099, 'désespoir'),
(1108, 691, 1099, 'bile'),
(1109, 691, 1099, 'désolation'),
(1110, 693, 1101, 'soucieux'),
(1111, 693, 1101, 'anxieux'),
(1112, 693, 1101, 'inquiet'),
(1113, 693, 1101, 'tendu'),
(1114, 693, 1101, 'préoccupé'),
(1115, 693, 1101, 'affligé'),
(1116, 693, 1101, 'agité'),
(1117, 693, 1101, 'torturé'),
(1118, 695, 1106, 'capital'),
(1119, 695, 1106, 'essentiel'),
(1120, 695, 1106, 'fondamental'),
(1121, 699, 1110, 'craintif'),
(1122, 699, 1110, 'indécis'),
(1123, 699, 1110, 'timide'),
(1124, 701, 1113, 'manières'),
(1125, 702, 1114, 'offense'),
(1126, 703, 1116, 'maniérisme'),
(1127, 703, 1116, 'préciosité'),
(1128, 703, 1116, 'raffinement'),
(1129, 704, 1118, 'humiliation'),
(1130, 704, 1118, 'offense'),
(1131, 713, 1130, 'bazar'),
(1132, 713, 1130, 'bric-à-brac'),
(1133, 719, 1141, 'commun'),
(1134, 719, 1141, 'plat'),
(1135, 721, 1144, 'svelte'),
(1136, 721, 1144, 'fluet'),
(1137, 721, 1144, 'filiforme'),
(1138, 724, 1147, 'chatoyer'),
(1139, 725, 1149, 'miroiter'),
(1140, 725, 1149, 'étinceler'),
(1141, 725, 1149, 'luir'),
(1142, 727, 1151, 'potin'),
(1143, 727, 1151, 'ragot'),
(1144, 728, 1152, 'indolence'),
(1145, 734, 1165, 'conquérir'),
(1146, 734, 1166, 'occuper'),
(1147, 736, 1168, 'tergiverser'),
(1148, 736, 1168, 'louvoyer'),
(1149, 737, 1169, 'barrer'),
(1150, 740, 1172, 'promptitude'),
(1151, 740, 1172, 'vitesse'),
(1152, 743, 1177, 'sinueux'),
(1153, 743, 1178, 'fourbe'),
(1154, 743, 1178, 'hypocrite'),
(1155, 746, 1183, 'prépondérance'),
(1156, 746, 1183, 'supériorité'),
(1157, 751, 1190, 'désolant'),
(1158, 751, 1191, 'lamentable'),
(1159, 752, 1192, 'rugosité'),
(1160, 756, 1198, 'sérénité'),
(1161, 759, 1205, 'menaçant'),
(1162, 760, 1206, 'incapacité'),
(1163, 760, 1206, 'incompétence'),
(1164, 761, 1207, 'requête'),
(1165, 767, 1214, 'favorable'),
(1166, 767, 1214, 'propice'),
(1167, 767, 1214, 'judicieux'),
(1168, 767, 1214, 'bienvenu'),
(1169, 779, 1228, 'enrôlement');

-- --------------------------------------------------------

--
-- Structure de la table `words`
--

CREATE TABLE `words` (
  `id` int(11) UNSIGNED NOT NULL,
  `name` varchar(255) NOT NULL DEFAULT ''
) ENGINE=InnoDB DEFAULT CHARSET=utf8;

--
-- Déchargement des données de la table `words`
--

INSERT INTO `words` (`id`, `name`) VALUES
(1, 'aberrant'),
(2, 'abhorrer'),
(3, 'abîme'),
(4, 'abnégation'),
(5, 'absoudre'),
(6, 'abstraction'),
(7, 'acariâtre'),
(8, 'acerbe'),
(9, 'admonester'),
(10, 'adopter'),
(11, 'affable'),
(12, 'ahuri'),
(13, 'aigri'),
(14, 'algèbre'),
(15, 'aliénation'),
(16, 'allégresse'),
(17, 'alpaguer'),
(18, 'altruisme'),
(19, 'amadouer'),
(20, 'amalgame'),
(21, 'ambition'),
(22, 'amertume'),
(23, 'annihilation'),
(24, 'antagonisme'),
(25, 'apanage'),
(26, 'apartheid'),
(27, 'aplomb'),
(28, 'apprivoiser'),
(29, 'âpre'),
(30, 'arbitraire'),
(31, 'arborer'),
(32, 'arrogance'),
(33, 'assertion'),
(34, 'audace'),
(35, 'austère'),
(36, 'autodafé'),
(37, 'avide'),
(38, 'avilissement'),
(39, 'balbutier'),
(40, 'biais'),
(41, 'bienveillant'),
(42, 'bucolique'),
(43, 'burlesque'),
(44, 'cajoler'),
(45, 'candeur'),
(46, 'capiteux'),
(47, 'caprice'),
(48, 'cathartique'),
(49, 'caustique'),
(50, 'chafouin'),
(51, 'charme'),
(52, 'charnier'),
(53, 'chaste'),
(54, 'circonspect'),
(55, 'clientélisme'),
(56, 'cocasse'),
(57, 'coercible'),
(58, 'coercition'),
(59, 'cognition'),
(60, 'cohérent'),
(61, 'compassion'),
(62, 'complaisance'),
(63, 'conciliant'),
(64, 'congestion'),
(65, 'congruent'),
(66, 'conjecture'),
(67, 'conjonction'),
(68, 'connotation'),
(69, 'consensuel'),
(70, 'conspirer'),
(71, 'constance'),
(72, 'contenance'),
(73, 'contrit'),
(74, 'couardise'),
(75, 'courroucer'),
(76, 'courtois'),
(77, 'cosmopolite'),
(78, 'crédulité'),
(79, 'culbuter'),
(80, 'cupide'),
(81, 'cynique'),
(82, 'dactylographie'),
(83, 'débauche'),
(84, 'débotté'),
(85, 'décadence'),
(86, 'décence'),
(87, 'déconcerter'),
(88, 'dédain'),
(89, 'déférence'),
(90, 'dégradant'),
(91, 'déléguer'),
(92, 'déliquescence'),
(93, 'déliter'),
(94, 'démagogie'),
(95, 'démentir'),
(96, 'dépravation'),
(97, 'désarroi'),
(98, 'désinvolte'),
(99, 'désuet'),
(100, 'dévot'),
(101, 'dévoyer'),
(102, 'dialectique'),
(103, 'diaphane'),
(104, 'diaspora'),
(105, 'diatribe'),
(106, 'didactique'),
(107, 'didascalie'),
(108, 'diffamer'),
(109, 'discrimination'),
(110, 'dispendieux'),
(111, 'disrupter'),
(112, 'dissoudre'),
(113, 'doctrine'),
(114, 'dogme'),
(115, 'dystopie'),
(116, 'échauder'),
(117, 'éclectique'),
(118, 'effaré'),
(119, 'effroi'),
(120, 'élégant'),
(121, 'ellipse'),
(122, 'éloge'),
(123, 'apologie'),
(124, 'éloquence'),
(125, 'élucubration'),
(126, 'éluder'),
(127, 'épicurien'),
(128, 'équivoque'),
(129, 'empathie'),
(130, 'emphatique'),
(131, 'épistolaire'),
(132, 'erratique'),
(133, 'érudition'),
(134, 'escamoter'),
(135, 'ésotérique'),
(136, 'euphorie'),
(137, 'exalter'),
(138, 'exotique'),
(139, 'expédient'),
(140, 'expier'),
(141, 'extase'),
(142, 'extatique'),
(143, 'facétie'),
(144, 'facétieux'),
(145, 'fallacieux'),
(146, 'farouche'),
(147, 'fasciner'),
(148, 'fascisme'),
(149, 'fatalité'),
(150, 'fébrilité'),
(151, 'flatter'),
(152, 'frénésie'),
(153, 'frénétique'),
(154, 'frivole'),
(155, 'fugitif'),
(156, 'futile'),
(157, 'gageure'),
(158, 'galbé'),
(159, 'gausser'),
(160, 'génocide'),
(161, 'gentrification'),
(162, 'glas'),
(163, 'griser'),
(164, 'guet-apens'),
(165, 'guindé'),
(166, 'grotesque'),
(167, 'hagard'),
(168, 'hantise'),
(169, 'harassé'),
(170, 'harmonie'),
(171, 'harmonieux'),
(172, 'hécatombe'),
(173, 'hédonisme'),
(174, 'hérétique'),
(175, 'hétéroclite'),
(176, 'holisme'),
(177, 'holocauste'),
(178, 'hommage'),
(179, 'honte'),
(180, 'hostile'),
(181, 'hubris'),
(182, 'humble'),
(183, 'humilité'),
(184, 'iconoclaste'),
(185, 'identité'),
(186, 'idéologie'),
(187, 'ignonimie'),
(188, 'illusion'),
(189, 'imbroglio'),
(190, 'imbu'),
(191, 'impassible'),
(192, 'impérieux'),
(193, 'impertinence'),
(194, 'impétueux'),
(195, 'inanité'),
(196, 'incongru'),
(197, 'inconséquence'),
(198, 'inconvenant'),
(199, 'incurie'),
(200, 'incriminer'),
(201, 'indécent'),
(202, 'indulgent'),
(203, 'indigent'),
(204, 'inepte'),
(205, 'ingénuité'),
(206, 'injonction'),
(207, 'inhibition'),
(208, 'inique'),
(209, 'intransigeant'),
(210, 'intrépide'),
(211, 'insidieux'),
(212, 'insinuer'),
(213, 'insolence'),
(214, 'intégrité'),
(215, 'invective'),
(216, 'ironie'),
(217, 'jubilation'),
(218, 'lambin'),
(219, 'lancinant'),
(220, 'lapidaire'),
(221, 'larbin'),
(222, 'lassitude'),
(223, 'leitmotiv'),
(224, 'litanie'),
(225, 'livide'),
(226, 'logique'),
(227, 'louange'),
(228, 'louer'),
(229, 'louvoyer'),
(230, 'lubrique'),
(231, 'lucide'),
(232, 'malléable'),
(233, 'manigancer'),
(234, 'mansuétude'),
(235, 'magnanime'),
(236, 'malice'),
(237, 'marasme'),
(238, 'maussade'),
(239, 'mécène'),
(240, 'mélancolie'),
(241, 'mépris'),
(242, 'mesquin'),
(243, 'monticule'),
(244, 'morbide'),
(245, 'milice'),
(246, 'misanthrope'),
(247, 'nanti'),
(248, 'narcissisme'),
(249, 'nébuleux'),
(250, 'néologisme'),
(251, 'niais'),
(252, 'niveler'),
(253, 'nonchalance'),
(254, 'nostalgie'),
(255, 'obscène'),
(256, 'obséquieux'),
(257, 'oeillère'),
(258, 'offusquer'),
(259, 'onirique'),
(260, 'onomatopée'),
(261, 'opiniâtre'),
(262, 'opression'),
(263, 'opprobre'),
(264, 'orgueil'),
(265, 'palissade'),
(266, 'âcre'),
(267, 'contexte'),
(268, 'oisif'),
(269, 'rustre'),
(270, 'sérénité'),
(271, 'frileux'),
(272, 'imprécation'),
(273, 'pétrifier'),
(274, 'délecter'),
(275, 'canoniser'),
(276, 'établi'),
(277, 'étal'),
(278, 'étau'),
(279, 'novlangue'),
(280, 'véreux'),
(281, 'sacrifier'),
(282, 'abscons'),
(283, 'salutaire'),
(284, 'pernicieux'),
(285, 'concentré'),
(286, 'résilience'),
(287, 'exubérant'),
(288, 'pathologique'),
(289, 'mégalomanie'),
(290, 'désavouer'),
(291, 'rupin'),
(292, 'palliatif'),
(293, 'pantois'),
(294, 'paradigme'),
(295, 'paradoxe'),
(296, 'parcimonie'),
(297, 'pathétique'),
(298, 'patibulaire'),
(299, 'pécule'),
(300, 'péjoratif'),
(301, 'penaud'),
(302, 'pénitence'),
(303, 'péremptoire'),
(304, 'pérenne'),
(305, 'perfide'),
(306, 'perplexe'),
(307, 'perspective'),
(308, 'perspicace'),
(309, 'pervers'),
(310, 'philanthrope'),
(311, 'piteux'),
(312, 'pitié'),
(313, 'pittoresque'),
(314, 'placide'),
(315, 'plaider'),
(316, 'plaidoyer'),
(317, 'platonique'),
(318, 'plénitude'),
(319, 'polémique'),
(320, 'populisme'),
(321, 'présomptueux'),
(322, 'probité'),
(323, 'pudeur'),
(324, 'puéril'),
(325, 'puritain'),
(326, 'pragmatique'),
(327, 'prêcher'),
(328, 'prémisse'),
(329, 'profaner'),
(330, 'prolétaire'),
(331, 'prosélyte'),
(332, 'néophyte'),
(333, 'prosodie'),
(334, 'pugnacité'),
(335, 'quintessence'),
(336, 'rabaisser'),
(337, 'rancoeur'),
(338, 'rancune'),
(339, 'raout'),
(340, 'rédemption'),
(341, 'rhédibitoire'),
(342, 'regret'),
(343, 'réminiscence'),
(344, 'remords'),
(345, 'ressentiment'),
(346, 'rhétorique'),
(347, 'risible'),
(348, 'rite'),
(349, 'sarcasme'),
(350, 'sécession'),
(351, 'ségrégation'),
(352, 'sermon'),
(353, 'servile'),
(354, 'sévère'),
(355, 'sine qua non'),
(356, 'sinécure'),
(357, 'solidaire'),
(358, 'solidarité'),
(359, 'sollicitude'),
(360, 'sophisme'),
(361, 'sournois'),
(362, 'spartiate'),
(363, 'sporadique'),
(364, 'stigmatiser'),
(365, 'stoïque'),
(366, 'subversif'),
(367, 'succursale'),
(368, 'supputer'),
(369, 'syllogisme'),
(370, 'taciturne'),
(371, 'témérité'),
(372, 'ténacité'),
(373, 'timide'),
(374, 'toiser'),
(375, 'totalitarisme'),
(376, 'tragédie'),
(377, 'transi'),
(378, 'transiger'),
(379, 'tribal'),
(380, 'triturer'),
(381, 'trivial'),
(382, 'tronquer'),
(383, 'utopie'),
(384, 'vaciller'),
(385, 'vacuité'),
(386, 'vain'),
(387, 'vanité'),
(388, 'vénal'),
(389, 'vestige'),
(390, 'vétéran'),
(391, 'vice'),
(392, 'vicieux'),
(393, 'vicissitude'),
(394, 'vindicatif'),
(395, 'violer'),
(396, 'vorace'),
(397, 'vulnérable'),
(398, 'amer'),
(399, 'aigre'),
(400, 'cime'),
(401, 'vestibule'),
(402, 'dédaigneux'),
(403, 'ardent'),
(404, 'hébété'),
(405, 'suave'),
(406, 'volupté'),
(407, 'lascif'),
(408, 'luxurieux'),
(409, 'sensuel'),
(410, 'luxure'),
(411, 'luxuriant'),
(412, 'volubilité'),
(413, 'frigide'),
(414, 'importun'),
(415, 'désoeuvré'),
(416, 'suranné'),
(417, 'perpétuer'),
(418, 'laconique'),
(419, 'artefact'),
(420, 'équité'),
(421, 'obérer'),
(422, 'guinguette'),
(423, 'recrudescence'),
(424, 'scélérat'),
(425, 'fiel'),
(426, 'bile'),
(427, 'souiller'),
(428, 'impécunieux'),
(429, 'besogneux'),
(430, 'besogne'),
(431, 'révérence'),
(432, 'emprise'),
(433, 'humiliation'),
(434, 'vexer'),
(435, 'absurde'),
(436, 'fléau'),
(437, 'perception'),
(438, 'providenciel'),
(439, 'providence'),
(440, 'spéculation'),
(441, 'mise en abyme'),
(442, 'solennel'),
(443, 'sanglot'),
(444, 'rauque'),
(445, 'duplicité'),
(446, 'raffiné'),
(447, 'subtil'),
(448, 'machinalement'),
(449, 'saccadé'),
(450, 'haleter'),
(451, 'gémir'),
(452, 'circonscrire'),
(453, 'apanage'),
(454, 'annexer'),
(455, 'coercitif'),
(456, 'velléité'),
(457, 'prétention'),
(458, 'résolu'),
(459, 'prédicateur'),
(460, 'révolu'),
(461, 'dérision'),
(462, 'sinueux'),
(463, 'maladroit'),
(464, 'méfier'),
(465, 'monotone'),
(466, 'ferveur'),
(467, 'ardeur'),
(468, 'fougue'),
(469, 'innocence'),
(470, 'charité'),
(471, 'miséricorde'),
(472, 'moue'),
(473, 'rictus'),
(474, 'grimace'),
(475, 'contorsion'),
(476, 'prestige'),
(477, 'maléfique'),
(478, 'occulte'),
(479, 'malfaisant'),
(480, 'nuir'),
(481, 'commisération'),
(482, 'prophétie'),
(483, 'oracle'),
(484, 'présomptueux'),
(485, 'glabre'),
(486, 'tyran'),
(487, 'despote'),
(488, 'irriter'),
(489, 'irascible'),
(490, 'exciter'),
(491, 'ad hoc'),
(492, 'idoine'),
(493, 'morne'),
(494, 'voluptueusement'),
(495, 'tressaillir'),
(496, 'frissonner'),
(497, 'langueur'),
(498, 'bonhomie'),
(499, 'langoureux'),
(500, 'convulser'),
(501, 'railler'),
(502, 'contumace'),
(503, 'morale'),
(504, 'probité'),
(505, 'vertu'),
(506, 'éthique'),
(507, 'nihilisme'),
(508, 'précepteur'),
(509, 'funèbre'),
(510, 'funérailles'),
(511, 'odieux'),
(512, 'affubler'),
(513, 'fatuité'),
(514, 'colomnier'),
(515, 'disculper'),
(516, 'darder'),
(517, 'scabreux'),
(518, 'résigné'),
(519, 'piédestal'),
(520, 'drame'),
(521, 'osmose'),
(522, 'perméable'),
(523, 'poreux'),
(524, 'aristocratie'),
(525, 'noblesse'),
(526, 'perversité'),
(527, 'délétère'),
(528, 'mécréant'),
(529, 'mascarade'),
(530, 'tergiverser'),
(531, 'submerger'),
(532, 'coquin'),
(533, 'licencieux'),
(534, 'leste'),
(535, 'grivois'),
(536, 'ingéniosité'),
(537, 'adresse'),
(538, 'ingénieux'),
(539, 'imagination'),
(540, 'rêve'),
(541, 'anathème'),
(542, 'précurseur'),
(543, 'renégat'),
(544, 'cornélien'),
(545, 'culture'),
(546, 'exaltation'),
(547, 'écœurant'),
(548, 'vertige'),
(549, 'stimuler'),
(550, 'exciter'),
(551, 'passion'),
(552, 'dominer'),
(553, 'égoïsme'),
(554, 'estaminet'),
(555, 'providence'),
(556, 'trahir'),
(557, 'ténébreux'),
(558, 'confiance'),
(559, 'estime'),
(560, 'transcendant'),
(561, 'transe'),
(562, 'médium'),
(563, 'aigreur'),
(564, 'grégaire'),
(565, 'congénère'),
(566, 'enjeu'),
(567, 'brigade'),
(568, 'fantasque'),
(569, 'fantastique'),
(570, 'fantaisie'),
(571, 'glauque'),
(572, 'gore'),
(573, 'pantomime'),
(574, 'embolie'),
(575, 'plébisciter'),
(576, 'pertinent'),
(577, 'cacochyme'),
(578, 'avanie'),
(579, 'négliger'),
(580, 'éberlué'),
(581, 'substantiel'),
(582, 'thésauriser'),
(583, 'séculaire'),
(584, 'aliéner'),
(585, 'estocade'),
(586, 'aborigène'),
(587, 'mantra'),
(588, 'caste'),
(589, 'éclopé'),
(590, 'annihiler'),
(591, 'ethnie'),
(592, 'trublion'),
(593, 'anthropologie'),
(594, 'impudence'),
(595, 'effronté'),
(596, 'mercenaire'),
(597, 'insurrection'),
(598, 'opprimer'),
(599, 'subjuguer'),
(600, 'endémie'),
(601, 'épidémie'),
(602, 'pandémie'),
(603, 'endémique'),
(604, 'piller'),
(605, 'libre arbitre'),
(606, 'exploiter'),
(607, 'exulter'),
(608, 'colon'),
(609, 'accabler'),
(610, 'confondre'),
(611, 'décontenancer'),
(612, 'bouleverser'),
(613, 'fébrilité'),
(614, 'prescription'),
(615, 'véhémence'),
(616, 'intime'),
(617, 'intimer'),
(618, 'ineffable'),
(619, 'aphasie'),
(620, 'abstrait'),
(621, 'cautériser'),
(622, 'galvauder'),
(623, 'aporétique'),
(624, 'aporie'),
(625, 'sémantique'),
(626, 'sémiologie'),
(627, 'médiation'),
(628, 'arbitrage'),
(629, 'divaguer'),
(630, 'délire'),
(631, 'prééminence'),
(632, 'estomper'),
(633, 'paronomase'),
(634, 'paronyme'),
(635, 'compétence'),
(636, 'qualité'),
(637, 'dandy'),
(638, 'rétrograde'),
(639, 'belligérant'),
(640, 'subalterne'),
(641, 'justice'),
(642, 'séditieux'),
(643, 'sédition'),
(644, 'échine'),
(645, 'libéralisme'),
(646, 'carcan'),
(647, 'asservissement'),
(648, 'rationnel'),
(649, 'sublime'),
(650, 'dissonance cognitive'),
(651, 'état de droit'),
(652, 'veto'),
(653, 'promulger'),
(654, 'atone'),
(655, 'avarie'),
(656, 'ivraie'),
(657, 'conditionner'),
(658, 'hiatus'),
(659, 'proroger'),
(660, 'dissidence'),
(661, 'circonscription'),
(662, 'adjuvant'),
(663, 'franc-tireur'),
(664, 'guérilla'),
(665, 'appendice'),
(666, 'anthologie'),
(667, 'sociolecte'),
(668, 'chronolecte'),
(669, 'idiolecte'),
(670, 'laïus'),
(671, 'prisme'),
(672, 'polyèdre'),
(673, 'polygonal'),
(674, 'spectre'),
(675, 'discursif'),
(676, 'déduction'),
(677, 'raisonnement'),
(678, 'intuition'),
(679, 'instinct'),
(680, 'philosophie'),
(681, 'indolent'),
(682, 'pensée'),
(683, 'argot'),
(684, 'bonneteau'),
(685, 'badaud'),
(686, 'théorie'),
(687, 'latent'),
(688, 'patent'),
(689, 'ostensible'),
(690, 'notoire'),
(691, 'tourment'),
(692, 'affliction'),
(693, 'tourmenté'),
(694, 'lénifiant'),
(695, 'cardinal'),
(696, 'réactance'),
(697, 'torpeur'),
(698, 'vilipender'),
(699, 'timoré'),
(700, 'paria'),
(701, 'simagrée'),
(702, 'camouflet'),
(703, 'mignardise'),
(704, 'affront'),
(705, 'vernissage'),
(706, 'systémique'),
(707, 'holistique'),
(708, 'logorrhée'),
(709, 'indolence'),
(710, 'havre'),
(711, 'pathogène'),
(712, 'sacerdoce'),
(713, 'capharnaüm'),
(714, 'vaudeville'),
(715, 'hussarde'),
(716, 'alibi'),
(717, 'maquis'),
(718, 'inextricable'),
(719, 'prosaïque'),
(720, 'entériner'),
(721, 'ténu'),
(722, 'palabrer'),
(723, 'pleutre'),
(724, 'miroiter'),
(725, 'chatoyer'),
(726, 'liturgie'),
(727, 'cancan'),
(728, 'apathie'),
(729, 'turpitude'),
(730, 'dévotion'),
(731, 'intrigue'),
(732, 'feutré'),
(733, 'colonie'),
(734, 'coloniser'),
(735, 'arroger'),
(736, 'finasser'),
(737, 'biffer'),
(738, 'accablement'),
(739, 'prégnant'),
(740, 'célérité'),
(741, 'séculier'),
(742, 'oint'),
(743, 'tortueux'),
(744, 'gargariser'),
(745, 'ostraciser'),
(746, 'hégémonie'),
(747, 'oligopole'),
(748, 'monopole'),
(749, 'endogène'),
(750, 'atermoiement'),
(751, 'affligeant'),
(752, 'aspérité'),
(753, 'conspuer'),
(754, 'accointances'),
(755, 'exsangue'),
(756, 'flegme'),
(757, 'suspense'),
(758, 'mièvre'),
(759, 'comminatoire'),
(760, 'impéritie'),
(761, 'supplique'),
(762, 'sénilité'),
(763, 'clairière'),
(764, 'innocuité'),
(765, 'exaction'),
(766, 'arpenter'),
(767, 'opportun'),
(768, 'harki'),
(769, 'fellaga'),
(770, 'moralité'),
(771, 'volubile'),
(772, 'apatride'),
(773, 'prolifique'),
(774, 'omnipotent'),
(775, 'ethnologie'),
(776, 'énurésie'),
(777, 'pérégrination'),
(778, 'magistrat'),
(779, 'conscription');

--
-- Index pour les tables déchargées
--

--
-- Index pour la table `antonyms`
--
ALTER TABLE `antonyms`
  ADD PRIMARY KEY (`id`);

--
-- Index pour la table `definitions`
--
ALTER TABLE `definitions`
  ADD PRIMARY KEY (`id`);

--
-- Index pour la table `synonyms`
--
ALTER TABLE `synonyms`
  ADD PRIMARY KEY (`id`);

--
-- Index pour la table `words`
--
ALTER TABLE `words`
  ADD PRIMARY KEY (`id`);

--
-- AUTO_INCREMENT pour les tables déchargées
--

--
-- AUTO_INCREMENT pour la table `antonyms`
--
ALTER TABLE `antonyms`
  MODIFY `id` int(11) UNSIGNED NOT NULL AUTO_INCREMENT, AUTO_INCREMENT=86;

--
-- AUTO_INCREMENT pour la table `definitions`
--
ALTER TABLE `definitions`
  MODIFY `id` int(11) UNSIGNED NOT NULL AUTO_INCREMENT, AUTO_INCREMENT=1229;

--
-- AUTO_INCREMENT pour la table `synonyms`
--
ALTER TABLE `synonyms`
  MODIFY `id` int(11) UNSIGNED NOT NULL AUTO_INCREMENT, AUTO_INCREMENT=1170;

--
-- AUTO_INCREMENT pour la table `words`
--
ALTER TABLE `words`
  MODIFY `id` int(11) UNSIGNED NOT NULL AUTO_INCREMENT, AUTO_INCREMENT=780;
